Partner,SeniorCitizen,InternetService,PaymentMethod,PaperlessBilling,MonthlyCharges,StreamingMovies,DeviceProtection,Contract,tenure,Dependents,Churn
False,False,No,Mailed check,False,20.4,False,False,Two year,11,False,False
True,False,DSL,Bank transfer (automatic),True,68.05,False,True,Two year,61,True,False
True,True,Fiber optic,Credit card (automatic),False,71.55,False,False,Month-to-month,34,False,False
True,False,No,Mailed check,False,24.05,False,False,Two year,70,True,False
False,False,No,Electronic check,True,20.0,False,False,Month-to-month,19,True,False
False,False,DSL,Credit card (automatic),True,79.75,True,False,Two year,52,False,False
False,False,Fiber optic,Mailed check,True,85.3,False,False,Month-to-month,5,False,False
True,True,DSL,Bank transfer (automatic),True,60.65,False,True,One year,68,False,False
False,False,DSL,Electronic check,False,60.85,True,True,Month-to-month,2,False,False
False,False,No,Credit card (automatic),False,20.35,False,False,One year,32,False,False
False,False,DSL,Electronic check,False,56.15,False,True,Month-to-month,5,False,False
True,False,No,Electronic check,False,25.4,False,False,Month-to-month,47,False,False
True,True,Fiber optic,Electronic check,True,100.65,True,False,One year,50,False,False
False,False,Fiber optic,Electronic check,False,90.4,True,True,Month-to-month,3,False,False
True,False,DSL,Credit card (automatic),False,60.8,True,True,Two year,60,False,False
False,False,Fiber optic,Electronic check,True,111.5,True,True,Month-to-month,44,False,False
True,False,Fiber optic,Credit card (automatic),True,95.15,False,True,One year,71,True,False
True,False,DSL,Bank transfer (automatic),True,75.2,True,False,Two year,51,False,False
True,False,Fiber optic,Electronic check,True,80.9,True,False,One year,56,False,False
False,False,Fiber optic,Electronic check,True,80.45,False,True,Month-to-month,2,False,False
True,False,DSL,Mailed check,True,50.0,False,True,Month-to-month,30,False,False
True,False,DSL,Mailed check,True,61.05,False,False,Two year,33,False,False
True,False,Fiber optic,Credit card (automatic),False,114.75,True,True,Two year,70,True,False
False,False,DSL,Credit card (automatic),True,44.85,True,False,Month-to-month,56,False,False
False,False,DSL,Electronic check,True,55.3,False,False,Month-to-month,47,True,False
True,False,No,Mailed check,True,24.45,False,False,Two year,56,True,False
False,False,DSL,Credit card (automatic),True,76.9,True,True,One year,68,False,False
True,False,DSL,Bank transfer (automatic),True,72.95,True,True,Two year,68,True,False
False,False,No,Mailed check,False,19.95,False,False,Month-to-month,3,True,False
True,False,DSL,Bank transfer (automatic),False,74.4,True,False,One year,24,False,False
True,False,DSL,Credit card (automatic),True,76.15,True,False,Two year,8,True,False
True,False,No,Mailed check,False,20.55,False,False,Two year,60,True,False
False,False,Fiber optic,Electronic check,False,91.0,True,True,Month-to-month,28,False,False
False,False,DSL,Electronic check,False,44.15,True,True,One year,43,False,False
True,False,DSL,Mailed check,True,81.3,True,True,Two year,64,False,False
True,False,No,Mailed check,False,20.5,False,False,Two year,16,True,False
False,False,No,Credit card (automatic),False,20.0,False,False,Two year,13,False,False
True,False,Fiber optic,Mailed check,True,84.05,False,True,Month-to-month,34,True,False
True,False,DSL,Electronic check,True,64.7,True,True,Two year,72,False,False
False,False,Fiber optic,Electronic check,False,86.75,False,True,One year,17,False,False
False,True,DSL,Electronic check,False,45.2,False,False,Month-to-month,1,False,False
False,True,DSL,Bank transfer (automatic),False,45.25,False,False,Month-to-month,1,False,False
False,False,DSL,Mailed check,False,48.8,False,False,Month-to-month,19,True,False
True,False,Fiber optic,Electronic check,False,79.4,False,False,Month-to-month,55,True,False
True,False,DSL,Bank transfer (automatic),False,91.7,True,True,Two year,66,False,False
True,False,No,Bank transfer (automatic),False,20.45,False,False,One year,49,False,False
True,False,Fiber optic,Bank transfer (automatic),True,83.65,False,False,One year,68,True,False
False,False,No,Bank transfer (automatic),True,20.7,False,False,Month-to-month,2,False,False
False,False,Fiber optic,Electronic check,False,76.1,False,False,Month-to-month,3,False,False
False,False,Fiber optic,Credit card (automatic),True,95.1,True,False,Month-to-month,10,False,False
True,False,No,Bank transfer (automatic),True,19.7,False,False,Two year,64,True,False
True,False,Fiber optic,Bank transfer (automatic),True,108.65,True,True,Two year,72,True,False
False,False,DSL,Electronic check,True,69.65,True,False,Month-to-month,14,False,False
True,False,Fiber optic,Electronic check,True,94.75,True,True,Month-to-month,8,True,False
True,False,DSL,Credit card (automatic),True,85.9,True,True,Two year,72,True,False
True,False,Fiber optic,Credit card (automatic),True,95.65,True,False,Month-to-month,52,False,False
False,False,No,Mailed check,False,20.25,False,False,Two year,8,False,False
True,False,Fiber optic,Credit card (automatic),False,115.8,True,True,Two year,72,False,False
False,False,DSL,Mailed check,False,49.85,True,True,Two year,12,False,False
True,True,Fiber optic,Credit card (automatic),False,94.0,True,True,Month-to-month,57,False,False
True,False,No,Mailed check,False,20.3,False,False,Month-to-month,2,True,False
False,False,DSL,Credit card (automatic),True,49.8,False,False,Month-to-month,1,False,False
False,False,DSL,Bank transfer (automatic),False,54.85,True,True,One year,39,True,False
False,False,DSL,Bank transfer (automatic),False,39.6,False,True,Two year,60,False,False
True,False,DSL,Bank transfer (automatic),False,81.25,True,True,Month-to-month,7,False,False
False,False,Fiber optic,Credit card (automatic),True,96.9,False,True,Month-to-month,23,False,False
False,True,DSL,Mailed check,False,72.1,False,False,One year,54,False,False
False,False,DSL,Mailed check,True,69.5,False,True,Month-to-month,9,False,False
False,False,DSL,Credit card (automatic),True,78.75,True,True,One year,48,True,False
False,True,Fiber optic,Bank transfer (automatic),True,91.3,False,True,One year,46,False,False
True,False,Fiber optic,Credit card (automatic),True,106.1,False,True,Two year,72,True,False
False,False,DSL,Mailed check,False,90.65,True,True,Two year,69,False,False
True,True,Fiber optic,Credit card (automatic),True,95.3,False,True,Month-to-month,57,True,False
False,False,No,Bank transfer (automatic),True,25.25,False,False,Month-to-month,41,False,False
True,False,Fiber optic,Electronic check,True,106.15,True,True,One year,70,True,False
False,False,DSL,Mailed check,True,56.7,False,False,Month-to-month,27,False,False
True,False,DSL,Bank transfer (automatic),True,68.75,True,True,One year,23,False,False
True,False,DSL,Bank transfer (automatic),True,62.15,False,False,One year,35,False,False
True,True,No,Electronic check,False,25.2,False,False,One year,50,False,False
False,False,DSL,Credit card (automatic),True,70.8,False,True,One year,50,True,False
False,False,DSL,Bank transfer (automatic),True,44.6,False,True,Two year,70,False,False
False,False,DSL,Bank transfer (automatic),False,45.05,False,False,One year,55,False,False
True,False,Fiber optic,Electronic check,True,95.15,True,False,Month-to-month,25,False,False
True,False,DSL,Mailed check,True,50.15,False,False,Month-to-month,40,False,False
True,False,Fiber optic,Electronic check,False,94.4,True,True,One year,44,True,False
False,True,Fiber optic,Credit card (automatic),True,73.8,False,False,Month-to-month,53,False,False
True,False,DSL,Electronic check,False,46.3,False,False,Month-to-month,15,True,False
False,True,DSL,Credit card (automatic),False,44.7,False,False,Month-to-month,6,False,False
False,False,Fiber optic,Electronic check,True,70.35,False,False,Month-to-month,1,False,False
True,False,DSL,Mailed check,True,84.8,True,True,One year,24,True,False
True,False,Fiber optic,Bank transfer (automatic),True,109.1,True,True,One year,41,True,False
True,False,Fiber optic,Credit card (automatic),True,102.7,True,False,Month-to-month,52,False,False
False,False,DSL,Mailed check,True,50.0,False,True,Month-to-month,18,False,False
False,False,DSL,Credit card (automatic),False,57.95,False,True,One year,52,False,False
False,False,No,Mailed check,False,19.75,False,False,Two year,16,False,False
False,False,Fiber optic,Credit card (automatic),True,109.2,True,True,One year,49,True,False
True,False,DSL,Electronic check,False,78.4,True,False,One year,24,True,False
True,False,Fiber optic,Credit card (automatic),True,102.45,True,True,One year,64,False,False
False,False,Fiber optic,Credit card (automatic),True,94.8,True,False,Month-to-month,36,False,False
True,False,DSL,Mailed check,False,39.4,False,False,Two year,48,True,False
True,False,No,Mailed check,False,19.9,False,False,Two year,27,True,False
True,False,Fiber optic,Bank transfer (automatic),True,101.05,True,False,Two year,61,False,False
False,False,DSL,Bank transfer (automatic),True,86.95,True,True,One year,47,False,False
True,True,DSL,Bank transfer (automatic),True,85.65,True,True,Two year,56,False,False
False,False,DSL,Bank transfer (automatic),True,61.15,False,True,Two year,66,False,False
False,False,No,Mailed check,False,20.75,False,False,Month-to-month,21,True,False
False,True,Fiber optic,Electronic check,True,99.5,True,True,One year,59,False,False
False,False,DSL,Electronic check,True,47.85,False,False,One year,39,False,False
False,False,DSL,Electronic check,True,45.05,False,False,Month-to-month,12,False,False
True,False,Fiber optic,Credit card (automatic),True,104.15,True,False,Two year,71,False,False
False,False,No,Bank transfer (automatic),False,24.9,False,False,Two year,50,False,False
True,False,No,Credit card (automatic),False,19.8,False,False,One year,30,False,False
False,False,No,Credit card (automatic),True,19.6,False,False,Month-to-month,20,False,False
True,False,DSL,Mailed check,False,54.35,False,False,One year,28,False,False
True,False,No,Bank transfer (automatic),True,20.15,False,False,Month-to-month,1,True,False
True,False,Fiber optic,Credit card (automatic),True,115.15,True,True,Two year,71,False,False
False,False,DSL,Bank transfer (automatic),False,48.95,False,True,Month-to-month,29,False,False
False,False,DSL,Mailed check,True,63.4,True,True,Two year,6,False,False
True,True,DSL,Bank transfer (automatic),False,45.55,False,True,One year,66,False,False
False,True,Fiber optic,Electronic check,True,74.7,False,False,Month-to-month,18,False,False
True,False,DSL,Credit card (automatic),True,53.8,True,True,Two year,72,True,False
True,False,DSL,Mailed check,False,75.8,False,True,Two year,58,True,False
False,False,DSL,Mailed check,True,54.8,False,False,One year,66,False,False
False,True,Fiber optic,Mailed check,True,71.45,False,False,Month-to-month,5,False,False
True,False,Fiber optic,Bank transfer (automatic),False,84.8,False,True,One year,67,True,False
False,False,DSL,Electronic check,True,40.35,True,False,Month-to-month,41,False,False
True,False,Fiber optic,Credit card (automatic),False,100.35,True,True,One year,58,False,False
False,False,DSL,Bank transfer (automatic),True,65.55,True,True,Two year,72,False,False
False,False,Fiber optic,Electronic check,True,74.75,False,False,Month-to-month,2,False,False
True,True,Fiber optic,Electronic check,True,94.95,True,False,Month-to-month,19,False,False
False,False,No,Mailed check,True,19.9,False,False,Month-to-month,10,False,False
True,True,DSL,Bank transfer (automatic),True,63.1,True,True,Two year,72,False,False
True,False,DSL,Credit card (automatic),True,60.0,True,True,Two year,47,True,False
True,False,Fiber optic,Credit card (automatic),True,109.2,True,True,Two year,64,True,False
True,False,Fiber optic,Credit card (automatic),False,109.3,True,True,Two year,71,True,False
True,False,DSL,Credit card (automatic),False,59.45,True,False,One year,55,True,False
False,False,No,Bank transfer (automatic),True,19.85,False,False,One year,51,False,False
False,False,No,Mailed check,True,26.4,False,False,Two year,3,True,False
False,False,No,Credit card (automatic),False,20.05,False,False,One year,11,False,False
False,False,No,Credit card (automatic),True,20.85,False,False,Two year,21,False,False
False,False,Fiber optic,Electronic check,False,85.35,False,False,Month-to-month,34,False,False
False,False,DSL,Bank transfer (automatic),True,60.05,True,False,Two year,69,False,False
True,False,DSL,Bank transfer (automatic),False,80.9,True,True,Two year,61,False,False
False,False,DSL,Credit card (automatic),True,79.85,False,True,Two year,63,False,False
True,False,Fiber optic,Mailed check,True,90.35,True,True,Month-to-month,5,True,False
False,False,DSL,Mailed check,False,69.6,True,False,Month-to-month,19,False,False
False,False,DSL,Mailed check,True,44.4,False,False,Month-to-month,9,False,False
True,True,Fiber optic,Bank transfer (automatic),True,105.1,True,True,One year,52,False,False
True,True,DSL,Electronic check,True,60.0,True,False,Month-to-month,20,False,False
True,False,No,Mailed check,False,23.05,False,False,Two year,52,True,False
True,False,Fiber optic,Electronic check,True,88.05,True,False,Month-to-month,9,False,False
True,False,Fiber optic,Bank transfer (automatic),True,93.3,True,False,Two year,69,True,False
True,False,Fiber optic,Bank transfer (automatic),True,85.4,False,True,Month-to-month,69,False,False
False,False,Fiber optic,Bank transfer (automatic),True,106.6,True,False,One year,67,True,False
True,False,No,Mailed check,False,19.35,False,False,Two year,42,True,False
False,False,Fiber optic,Bank transfer (automatic),False,96.75,True,False,One year,45,False,False
False,False,Fiber optic,Credit card (automatic),True,80.05,False,False,Month-to-month,14,False,False
False,False,Fiber optic,Bank transfer (automatic),False,74.3,False,False,Month-to-month,25,False,False
False,False,No,Bank transfer (automatic),False,20.85,False,False,One year,22,False,False
True,False,DSL,Credit card (automatic),True,66.4,True,True,Month-to-month,31,False,False
True,False,No,Credit card (automatic),False,20.55,False,False,Two year,61,True,False
False,False,DSL,Bank transfer (automatic),True,30.85,False,False,Month-to-month,13,False,False
True,False,DSL,Bank transfer (automatic),False,59.7,True,False,Two year,71,True,False
True,False,No,Mailed check,False,19.35,False,False,Two year,15,True,False
True,False,Fiber optic,Electronic check,True,90.45,True,False,One year,28,True,False
False,False,Fiber optic,Electronic check,True,106.5,False,True,Month-to-month,41,False,False
False,False,No,Mailed check,False,19.95,False,False,Month-to-month,8,True,False
True,False,DSL,Bank transfer (automatic),True,80.45,True,True,Two year,71,False,False
False,False,Fiber optic,Bank transfer (automatic),False,98.05,True,True,Month-to-month,41,False,False
True,False,Fiber optic,Bank transfer (automatic),True,85.5,False,False,One year,68,True,False
True,False,DSL,Credit card (automatic),True,55.5,True,True,Two year,58,True,False
False,False,No,Bank transfer (automatic),True,19.35,False,False,One year,12,False,False
False,False,No,Mailed check,False,19.25,False,False,Month-to-month,2,True,False
False,False,Fiber optic,Electronic check,True,83.55,False,False,Month-to-month,17,False,False
True,True,Fiber optic,Bank transfer (automatic),True,103.15,True,True,One year,65,False,False
True,True,Fiber optic,Electronic check,True,112.4,True,True,Two year,72,False,False
True,False,Fiber optic,Credit card (automatic),True,79.2,False,True,Two year,69,True,False
False,False,No,Electronic check,True,19.8,False,False,One year,37,False,False
True,False,DSL,Bank transfer (automatic),True,64.85,False,False,One year,43,False,False
False,False,Fiber optic,Mailed check,False,89.2,True,True,Month-to-month,61,False,False
True,False,Fiber optic,Credit card (automatic),True,113.65,True,True,Two year,72,False,False
True,False,No,Bank transfer (automatic),False,19.8,False,False,One year,18,True,False
True,False,Fiber optic,Credit card (automatic),True,89.1,False,True,Two year,62,True,False
True,False,DSL,Credit card (automatic),True,69.5,False,False,Month-to-month,23,True,False
False,False,DSL,Credit card (automatic),False,79.85,True,False,One year,17,False,False
False,False,No,Mailed check,False,19.5,False,False,One year,11,False,False
True,False,Fiber optic,Bank transfer (automatic),False,100.7,True,True,Month-to-month,16,True,False
False,False,No,Mailed check,False,19.55,False,False,One year,17,False,False
True,False,DSL,Bank transfer (automatic),True,68.75,True,True,One year,56,True,False
True,False,DSL,Credit card (automatic),True,60.8,True,True,One year,69,False,False
True,False,Fiber optic,Bank transfer (automatic),False,80.75,False,False,Month-to-month,16,False,False
True,False,Fiber optic,Bank transfer (automatic),True,116.6,True,True,Two year,72,True,False
True,False,Fiber optic,Credit card (automatic),True,110.65,True,True,Two year,72,False,False
True,False,DSL,Mailed check,False,67.85,True,True,Two year,67,True,False
True,False,Fiber optic,Bank transfer (automatic),False,104.6,True,False,Two year,67,True,False
False,False,No,Mailed check,False,24.2,False,False,Two year,63,False,False
True,False,DSL,Credit card (automatic),False,54.2,False,True,Two year,67,True,False
True,False,Fiber optic,Electronic check,True,105.2,True,False,One year,54,True,False
True,False,Fiber optic,Electronic check,True,93.8,True,True,One year,31,False,False
False,False,Fiber optic,Mailed check,False,103.85,True,True,Month-to-month,21,False,False
False,False,No,Mailed check,False,24.6,False,False,Two year,53,False,False
True,False,Fiber optic,Mailed check,True,75.0,False,False,Month-to-month,8,False,False
True,False,DSL,Mailed check,True,59.85,False,True,Month-to-month,39,True,False
True,False,No,Bank transfer (automatic),False,24.25,False,False,Month-to-month,33,True,False
True,False,Fiber optic,Electronic check,True,111.05,True,True,Two year,67,False,False
False,False,DSL,Credit card (automatic),True,44.05,False,False,Month-to-month,5,False,False
True,False,Fiber optic,Bank transfer (automatic),True,75.8,False,False,Month-to-month,22,True,False
False,True,DSL,Credit card (automatic),False,74.1,True,True,Two year,69,False,False
True,False,Fiber optic,Credit card (automatic),True,110.1,True,False,Month-to-month,40,True,False
True,False,DSL,Electronic check,False,34.25,False,False,Month-to-month,5,True,False
False,False,No,Mailed check,False,20.0,False,False,Month-to-month,1,False,False
True,True,Fiber optic,Electronic check,False,101.15,True,False,Month-to-month,38,True,False
False,False,Fiber optic,Mailed check,True,100.85,True,False,Month-to-month,4,False,False
True,False,Fiber optic,Electronic check,True,102.55,True,True,Month-to-month,17,False,False
True,False,DSL,Credit card (automatic),True,91.1,True,True,Two year,23,True,False
True,False,Fiber optic,Mailed check,False,103.05,True,True,One year,50,True,False
True,False,No,Mailed check,False,20.0,False,False,One year,43,True,False
False,False,DSL,Credit card (automatic),True,58.6,False,False,One year,39,False,False
True,False,DSL,Bank transfer (automatic),False,55.0,False,False,Month-to-month,46,False,False
False,False,DSL,Bank transfer (automatic),False,64.05,True,True,Month-to-month,11,False,False
True,False,No,Bank transfer (automatic),True,25.25,False,False,Two year,72,False,False
True,False,DSL,Mailed check,False,85.1,True,True,Two year,72,False,False
True,True,Fiber optic,Credit card (automatic),True,107.15,True,True,One year,68,True,False
True,False,DSL,Mailed check,False,34.6,False,False,Two year,23,True,False
True,False,No,Mailed check,False,24.2,False,False,Two year,24,True,False
False,True,Fiber optic,Bank transfer (automatic),False,103.0,True,True,One year,49,False,False
True,False,Fiber optic,Credit card (automatic),False,94.1,False,False,Two year,67,True,False
True,False,DSL,Bank transfer (automatic),False,90.55,True,True,Two year,71,False,False
True,True,Fiber optic,Electronic check,True,99.1,True,True,One year,54,False,False
False,False,No,Mailed check,False,19.25,False,False,Month-to-month,18,False,False
True,True,Fiber optic,Credit card (automatic),False,80.3,False,True,One year,64,False,False
True,False,DSL,Credit card (automatic),False,73.5,False,False,Two year,71,False,False
True,False,DSL,Mailed check,False,54.5,False,False,Month-to-month,42,True,False
True,False,Fiber optic,Bank transfer (automatic),True,83.55,False,False,Month-to-month,30,True,False
False,False,DSL,Credit card (automatic),True,61.2,True,True,Two year,72,False,False
True,True,Fiber optic,Electronic check,True,69.3,False,False,Month-to-month,25,False,False
True,False,DSL,Credit card (automatic),False,35.7,False,False,Two year,67,True,False
True,True,Fiber optic,Bank transfer (automatic),True,86.7,False,True,One year,71,True,False
False,True,DSL,Bank transfer (automatic),True,64.55,False,False,Two year,67,False,False
True,False,DSL,Bank transfer (automatic),True,80.85,False,True,Two year,72,True,False
False,False,Fiber optic,Electronic check,False,94.55,True,False,Month-to-month,12,False,False
False,False,Fiber optic,Credit card (automatic),True,111.95,True,True,Two year,70,False,False
False,False,No,Bank transfer (automatic),False,19.85,False,False,Two year,60,False,False
True,False,Fiber optic,Electronic check,True,104.15,True,False,One year,72,True,False
True,False,DSL,Bank transfer (automatic),False,37.7,False,False,Two year,60,False,False
False,False,DSL,Mailed check,False,46.0,False,False,Month-to-month,10,False,False
False,False,DSL,Bank transfer (automatic),True,79.85,True,True,One year,41,False,False
True,False,Fiber optic,Electronic check,True,79.75,True,False,Month-to-month,9,False,False
True,False,No,Mailed check,False,20.05,False,False,Two year,56,True,False
True,True,No,Mailed check,False,19.6,False,False,One year,37,False,False
False,True,DSL,Electronic check,False,54.9,False,False,Month-to-month,67,False,False
False,False,DSL,Mailed check,True,29.15,False,False,Month-to-month,4,False,False
True,False,DSL,Mailed check,True,58.5,False,False,Month-to-month,4,True,False
True,False,DSL,Electronic check,False,59.8,False,True,One year,39,True,False
False,True,DSL,Bank transfer (automatic),False,64.45,False,True,Month-to-month,28,False,False
False,False,Fiber optic,Electronic check,True,80.35,True,False,Month-to-month,3,False,False
True,False,No,Bank transfer (automatic),False,20.2,False,False,Two year,69,True,False
True,False,No,Bank transfer (automatic),False,20.15,False,False,Two year,40,True,False
False,False,DSL,Bank transfer (automatic),False,31.05,False,False,Two year,36,False,False
False,False,DSL,Credit card (automatic),False,78.65,True,True,Month-to-month,6,False,False
True,False,Fiber optic,Electronic check,True,75.5,False,False,Month-to-month,25,True,False
True,True,Fiber optic,Electronic check,True,113.65,True,True,Two year,70,False,False
True,False,Fiber optic,Bank transfer (automatic),True,108.95,True,True,One year,53,False,False
True,False,Fiber optic,Bank transfer (automatic),True,90.55,False,True,One year,66,False,False
False,False,DSL,Credit card (automatic),True,54.45,False,True,One year,68,False,False
False,False,No,Credit card (automatic),False,19.7,False,False,Month-to-month,17,False,False
True,False,No,Credit card (automatic),False,19.3,False,False,Two year,59,True,False
False,False,DSL,Bank transfer (automatic),False,65.75,True,False,Month-to-month,17,False,False
False,False,DSL,Bank transfer (automatic),True,30.75,False,False,One year,46,False,False
True,False,Fiber optic,Bank transfer (automatic),True,104.45,True,True,One year,41,False,False
True,True,No,Credit card (automatic),False,19.8,False,False,Two year,71,True,False
False,False,DSL,Electronic check,True,53.6,False,True,One year,53,False,False
False,False,No,Mailed check,False,20.2,False,False,Month-to-month,6,False,False
True,False,No,Bank transfer (automatic),False,19.6,False,False,One year,10,False,False
False,False,Fiber optic,Bank transfer (automatic),True,94.4,True,False,One year,30,False,False
True,False,No,Bank transfer (automatic),False,20.6,False,False,One year,44,True,False
True,True,Fiber optic,Electronic check,True,70.2,False,False,Month-to-month,4,False,False
True,True,No,Bank transfer (automatic),True,24.4,False,False,Two year,64,True,False
True,False,Fiber optic,Electronic check,True,95.25,True,False,Month-to-month,37,True,False
False,False,Fiber optic,Electronic check,False,87.6,False,True,Month-to-month,31,False,False
False,False,Fiber optic,Electronic check,True,92.05,False,True,One year,62,False,False
False,False,DSL,Bank transfer (automatic),False,50.55,False,False,Two year,67,False,False
True,False,No,Credit card (automatic),True,19.8,False,False,Two year,72,True,False
False,False,Fiber optic,Bank transfer (automatic),False,69.15,False,False,Month-to-month,7,False,False
False,False,No,Credit card (automatic),False,20.35,False,False,Month-to-month,5,True,False
False,False,No,Mailed check,False,19.9,False,False,Month-to-month,14,False,False
True,False,DSL,Bank transfer (automatic),False,68.25,True,False,Two year,16,True,False
True,False,Fiber optic,Electronic check,True,101.35,True,True,One year,72,False,False
True,False,DSL,Credit card (automatic),True,82.0,True,True,Two year,71,True,False
True,False,No,Bank transfer (automatic),False,19.9,False,False,Two year,71,True,False
False,True,No,Credit card (automatic),True,20.0,False,False,Two year,68,False,False
True,False,DSL,Bank transfer (automatic),True,54.2,False,False,Two year,67,True,False
True,True,Fiber optic,Electronic check,True,94.25,True,True,Month-to-month,64,False,False
True,True,Fiber optic,Bank transfer (automatic),True,70.95,False,False,One year,65,False,False
True,False,Fiber optic,Credit card (automatic),False,111.75,True,True,Two year,68,True,False
False,False,DSL,Mailed check,False,60.9,False,True,Month-to-month,6,False,False
True,False,DSL,Credit card (automatic),True,65.25,True,True,Two year,72,True,False
True,False,Fiber optic,Electronic check,True,89.1,True,False,Month-to-month,19,False,False
True,False,Fiber optic,Bank transfer (automatic),False,78.95,True,False,One year,26,True,False
True,False,No,Credit card (automatic),False,19.85,False,False,Month-to-month,6,True,False
False,False,Fiber optic,Mailed check,False,107.95,True,True,Month-to-month,3,False,False
True,False,Fiber optic,Bank transfer (automatic),True,99.0,True,True,Two year,64,False,False
False,False,No,Mailed check,True,20.55,False,False,Month-to-month,10,False,False
False,False,DSL,Electronic check,False,49.15,True,True,Month-to-month,13,False,False
True,True,Fiber optic,Bank transfer (automatic),False,98.35,True,False,Two year,72,False,False
True,False,No,Mailed check,True,23.6,False,False,Month-to-month,3,False,False
True,False,No,Electronic check,False,20.15,False,False,Month-to-month,16,True,False
True,False,DSL,Credit card (automatic),False,66.75,False,False,Two year,72,True,False
True,False,Fiber optic,Electronic check,True,94.65,False,True,One year,46,False,False
True,False,DSL,Credit card (automatic),False,63.7,True,False,One year,42,True,False
True,True,DSL,Bank transfer (automatic),False,29.8,False,False,Month-to-month,7,False,False
True,False,No,Credit card (automatic),False,25.85,False,False,Two year,72,False,False
True,False,DSL,Electronic check,True,49.15,False,False,Month-to-month,6,True,False
True,False,DSL,Bank transfer (automatic),False,55.9,False,False,One year,68,False,False
False,False,No,Electronic check,False,25.0,False,False,Month-to-month,12,False,False
False,False,Fiber optic,Electronic check,False,105.3,True,True,Month-to-month,5,False,False
False,False,Fiber optic,Mailed check,True,78.0,False,True,Month-to-month,11,True,False
True,False,DSL,Bank transfer (automatic),True,90.95,True,True,Two year,72,False,False
True,False,No,Mailed check,False,25.45,False,False,Two year,59,True,False
False,False,Fiber optic,Electronic check,True,89.05,True,False,Month-to-month,22,False,False
True,False,Fiber optic,Electronic check,False,109.3,True,True,Two year,65,True,False
False,False,DSL,Mailed check,True,64.5,True,False,Month-to-month,30,False,False
False,False,Fiber optic,Electronic check,True,86.9,False,False,One year,57,False,False
False,False,Fiber optic,Electronic check,True,89.15,True,False,Month-to-month,12,False,False
False,False,DSL,Credit card (automatic),True,51.55,False,False,One year,26,False,False
False,False,No,Bank transfer (automatic),False,19.95,False,False,Two year,67,False,False
True,False,DSL,Electronic check,True,82.55,True,True,Two year,71,False,False
True,False,DSL,Credit card (automatic),True,73.0,False,True,One year,68,True,False
True,False,No,Electronic check,False,19.8,False,False,Two year,50,False,False
True,False,Fiber optic,Credit card (automatic),True,110.9,True,True,Two year,72,False,False
False,False,DSL,Credit card (automatic),True,81.8,True,True,Two year,56,False,False
False,False,DSL,Mailed check,False,53.15,False,True,Two year,21,True,False
False,False,DSL,Bank transfer (automatic),False,50.05,False,False,One year,41,False,False
False,False,DSL,Bank transfer (automatic),True,88.8,True,True,One year,67,False,False
False,False,DSL,Credit card (automatic),True,71.0,True,False,One year,29,False,False
False,False,No,Bank transfer (automatic),False,19.1,False,False,One year,55,True,False
True,False,Fiber optic,Bank transfer (automatic),False,109.25,True,True,Two year,66,True,False
False,False,DSL,Credit card (automatic),True,60.25,False,True,One year,56,False,False
False,False,DSL,Electronic check,True,61.1,True,True,One year,53,False,False
False,False,DSL,Bank transfer (automatic),False,68.7,True,False,One year,59,False,False
False,True,No,Bank transfer (automatic),False,25.4,False,False,Two year,72,False,False
True,False,No,Credit card (automatic),False,20.55,False,False,Two year,50,True,False
False,False,No,Credit card (automatic),False,19.8,False,False,Month-to-month,1,False,False
False,False,No,Mailed check,False,19.95,False,False,One year,4,False,False
True,False,DSL,Mailed check,True,56.35,False,False,One year,43,False,False
False,True,DSL,Credit card (automatic),True,69.1,False,True,Two year,30,False,False
True,False,DSL,Electronic check,True,90.15,True,True,One year,55,False,False
True,False,No,Bank transfer (automatic),False,24.65,False,False,Two year,67,True,False
False,False,DSL,Credit card (automatic),False,54.15,False,True,Two year,59,False,False
True,False,DSL,Credit card (automatic),True,65.25,False,False,Month-to-month,58,False,False
True,False,DSL,Electronic check,True,74.35,True,True,Two year,72,True,False
False,False,Fiber optic,Electronic check,True,85.2,False,True,One year,26,False,False
True,False,DSL,Mailed check,False,50.2,False,False,Month-to-month,43,True,False
False,False,No,Mailed check,False,20.75,False,False,Month-to-month,1,True,False
True,False,DSL,Mailed check,True,69.55,True,False,Two year,65,True,False
False,False,DSL,Electronic check,False,54.15,False,False,Month-to-month,23,True,False
False,True,Fiber optic,Electronic check,True,90.05,True,False,Month-to-month,54,False,False
False,False,DSL,Electronic check,False,61.4,False,True,Month-to-month,7,False,False
False,False,DSL,Electronic check,True,51.7,True,False,Month-to-month,59,False,False
False,True,Fiber optic,Credit card (automatic),True,103.75,True,True,One year,40,False,False
False,False,Fiber optic,Electronic check,False,74.35,False,False,Month-to-month,1,False,False
False,False,Fiber optic,Bank transfer (automatic),True,103.65,True,True,Month-to-month,45,False,False
False,False,Fiber optic,Bank transfer (automatic),False,106.7,True,True,Two year,71,True,False
True,False,DSL,Mailed check,False,50.7,False,False,Month-to-month,7,True,False
False,False,Fiber optic,Credit card (automatic),True,116.6,True,True,One year,60,False,False
False,False,No,Credit card (automatic),False,19.45,False,False,One year,49,True,False
False,False,Fiber optic,Mailed check,True,86.0,False,False,Month-to-month,14,True,False
False,False,No,Mailed check,False,19.95,False,False,Month-to-month,1,False,False
False,False,Fiber optic,Electronic check,False,76.45,False,True,Month-to-month,14,False,False
True,False,No,Mailed check,False,24.9,False,False,Two year,72,True,False
True,False,DSL,Mailed check,False,58.85,True,True,Month-to-month,7,True,False
False,False,DSL,Mailed check,True,33.6,False,False,One year,12,False,False
False,False,DSL,Credit card (automatic),False,66.4,True,False,Month-to-month,13,True,False
True,False,No,Mailed check,False,20.0,False,False,Two year,48,True,False
True,False,Fiber optic,Electronic check,False,96.1,True,False,One year,62,False,False
True,True,Fiber optic,Credit card (automatic),False,105.4,True,False,Two year,69,False,False
True,False,No,Mailed check,False,25.4,False,False,Two year,6,True,False
True,False,No,Mailed check,True,19.35,False,False,Month-to-month,8,True,False
False,False,DSL,Credit card (automatic),True,81.5,True,True,Two year,69,False,False
False,False,DSL,Electronic check,False,55.2,False,False,Month-to-month,4,False,False
False,False,No,Bank transfer (automatic),False,25.55,False,False,Two year,71,False,False
False,False,DSL,Electronic check,False,35.75,False,False,Month-to-month,10,False,False
False,False,No,Mailed check,True,19.8,False,False,One year,10,False,False
True,False,Fiber optic,Credit card (automatic),True,112.35,True,True,One year,67,True,False
False,False,DSL,Credit card (automatic),True,82.45,True,True,Two year,68,False,False
True,False,Fiber optic,Bank transfer (automatic),True,75.75,False,False,Month-to-month,27,True,False
True,False,DSL,Credit card (automatic),True,35.8,False,False,One year,49,True,False
True,False,No,Mailed check,False,21.0,False,False,Two year,55,True,False
False,False,DSL,Electronic check,True,61.3,False,False,Month-to-month,4,False,False
True,False,Fiber optic,Credit card (automatic),True,117.15,True,True,Two year,72,False,False
False,False,No,Electronic check,False,19.1,False,False,One year,51,False,False
True,True,DSL,Electronic check,True,51.0,False,False,One year,28,True,False
False,True,Fiber optic,Electronic check,False,111.65,True,True,Two year,72,False,False
False,False,Fiber optic,Mailed check,False,95.3,True,False,Month-to-month,23,False,False
False,False,DSL,Electronic check,True,63.95,True,False,Month-to-month,43,True,False
True,False,Fiber optic,Bank transfer (automatic),False,98.05,False,True,One year,31,True,False
True,False,No,Electronic check,False,24.7,False,False,Month-to-month,34,False,False
True,False,Fiber optic,Bank transfer (automatic),False,109.8,True,True,One year,56,False,False
True,True,No,Bank transfer (automatic),False,24.85,False,False,Two year,71,False,False
False,False,No,Mailed check,False,20.0,False,False,Two year,54,False,False
True,False,No,Mailed check,False,19.9,False,False,One year,28,True,False
True,False,DSL,Credit card (automatic),True,64.2,False,False,Two year,46,False,False
True,False,Fiber optic,Electronic check,True,105.25,True,True,One year,53,True,False
False,False,DSL,Electronic check,False,81.25,False,True,One year,64,False,False
False,True,No,Electronic check,False,19.2,False,False,Month-to-month,2,False,False
True,False,No,Bank transfer (automatic),True,19.95,False,False,Two year,63,False,False
True,False,No,Credit card (automatic),True,19.45,False,False,Month-to-month,15,False,False
True,True,DSL,Bank transfer (automatic),True,84.8,True,True,Month-to-month,27,False,False
True,False,No,Bank transfer (automatic),True,20.45,False,False,Two year,39,False,False
False,False,Fiber optic,Bank transfer (automatic),True,91.25,False,False,One year,28,False,False
False,False,No,Credit card (automatic),False,19.95,False,False,Month-to-month,1,False,False
True,False,Fiber optic,Bank transfer (automatic),True,69.2,False,False,Month-to-month,7,False,False
True,False,DSL,Bank transfer (automatic),False,62.45,False,True,Month-to-month,32,True,False
False,False,No,Bank transfer (automatic),False,20.65,False,False,Month-to-month,5,False,False
True,False,No,Electronic check,False,19.7,False,False,One year,55,False,False
False,True,Fiber optic,Credit card (automatic),True,101.4,True,True,Month-to-month,67,False,False
True,False,No,Mailed check,False,19.2,False,False,Two year,52,True,False
True,False,Fiber optic,Bank transfer (automatic),False,84.2,False,False,One year,51,True,False
True,False,DSL,Credit card (automatic),True,80.7,True,True,Two year,71,False,False
False,False,DSL,Credit card (automatic),False,88.65,True,True,Two year,61,False,False
True,False,DSL,Bank transfer (automatic),True,61.4,True,False,Two year,14,True,False
False,True,Fiber optic,Bank transfer (automatic),True,108.95,True,True,Month-to-month,64,False,False
True,True,Fiber optic,Electronic check,True,84.3,True,False,Month-to-month,29,False,False
False,False,DSL,Electronic check,True,84.95,True,True,Two year,60,True,False
True,False,DSL,Bank transfer (automatic),False,79.7,False,True,Two year,70,True,False
True,False,No,Credit card (automatic),False,26.1,False,False,Two year,10,True,False
True,False,Fiber optic,Credit card (automatic),True,99.05,False,False,Two year,65,True,False
False,False,DSL,Mailed check,False,35.3,False,True,One year,7,False,False
False,False,DSL,Electronic check,True,48.6,False,False,Month-to-month,1,False,False
True,False,Fiber optic,Electronic check,True,94.8,True,False,Two year,49,False,False
True,False,DSL,Credit card (automatic),True,78.65,True,False,One year,51,False,False
True,False,DSL,Credit card (automatic),False,35.4,False,True,One year,41,True,False
True,False,DSL,Credit card (automatic),False,56.8,False,False,Month-to-month,18,False,False
True,False,Fiber optic,Electronic check,True,84.8,False,False,Month-to-month,14,True,False
False,False,DSL,Credit card (automatic),False,64.9,True,True,One year,11,False,False
False,False,DSL,Electronic check,False,59.4,False,False,One year,33,False,False
False,False,No,Bank transfer (automatic),False,19.9,False,False,One year,17,False,False
True,True,No,Credit card (automatic),False,24.7,False,False,One year,45,False,False
True,False,DSL,Credit card (automatic),False,68.75,True,True,Two year,72,True,False
False,False,Fiber optic,Credit card (automatic),False,70.35,False,False,Two year,50,True,False
False,False,No,Mailed check,True,19.75,False,False,One year,41,False,False
True,False,DSL,Credit card (automatic),True,88.85,True,True,Two year,68,True,False
True,False,No,Credit card (automatic),False,24.65,False,False,Two year,63,True,False
False,False,No,Credit card (automatic),False,24.8,False,False,One year,65,False,False
False,False,DSL,Mailed check,False,64.85,True,True,One year,15,True,False
False,False,No,Mailed check,False,20.05,False,False,Month-to-month,4,False,False
True,False,No,Mailed check,True,20.55,False,False,One year,27,True,False
True,False,Fiber optic,Bank transfer (automatic),True,103.75,True,False,Month-to-month,60,True,False
True,False,DSL,Bank transfer (automatic),True,84.8,True,True,Two year,70,False,False
False,False,DSL,Mailed check,True,60.9,False,False,Month-to-month,33,False,False
False,False,No,Mailed check,True,20.05,False,False,Month-to-month,2,False,False
True,False,No,Electronic check,True,26.2,False,False,Month-to-month,40,True,False
True,False,Fiber optic,Bank transfer (automatic),True,95.5,True,True,Month-to-month,20,True,False
False,False,DSL,Electronic check,True,71.05,False,False,Month-to-month,31,False,False
True,False,No,Credit card (automatic),False,25.55,False,False,Two year,53,True,False
False,False,No,Mailed check,False,19.05,False,False,One year,16,False,False
False,False,No,Mailed check,True,25.0,False,False,Month-to-month,1,False,False
False,True,No,Mailed check,True,20.3,False,False,Month-to-month,24,False,False
True,False,Fiber optic,Bank transfer (automatic),False,100.55,True,False,One year,71,True,False
True,False,No,Mailed check,False,19.7,False,False,Month-to-month,1,True,False
False,False,Fiber optic,Bank transfer (automatic),True,104.4,True,True,Two year,46,False,False
True,False,No,Mailed check,False,20.35,False,False,Month-to-month,2,False,False
False,False,DSL,Electronic check,True,69.95,True,True,One year,3,False,False
False,False,DSL,Electronic check,True,49.3,False,False,Month-to-month,1,False,False
False,False,No,Bank transfer (automatic),False,19.35,False,False,One year,39,True,False
True,False,No,Bank transfer (automatic),True,20.35,False,False,Two year,54,True,False
True,False,No,Mailed check,True,20.55,False,False,One year,11,False,False
True,False,No,Bank transfer (automatic),False,19.8,False,False,Two year,37,True,False
False,False,Fiber optic,Mailed check,True,102.65,True,True,Month-to-month,40,False,False
True,False,Fiber optic,Mailed check,False,74.4,False,False,Month-to-month,27,True,False
True,False,Fiber optic,Electronic check,True,99.15,True,True,Two year,72,False,False
False,False,DSL,Mailed check,False,69.5,False,True,Month-to-month,18,False,False
True,False,No,Electronic check,False,19.25,False,False,Month-to-month,1,True,False
True,False,DSL,Credit card (automatic),False,64.45,False,True,Two year,72,True,False
True,True,Fiber optic,Electronic check,True,95.05,True,False,Month-to-month,42,False,False
True,False,DSL,Bank transfer (automatic),False,60.5,False,True,Two year,60,True,False
True,False,No,Bank transfer (automatic),False,25.65,False,False,Two year,72,False,False
False,False,No,Mailed check,False,20.5,False,False,One year,63,False,False
True,False,Fiber optic,Electronic check,True,88.75,False,True,Month-to-month,22,True,False
True,False,DSL,Credit card (automatic),False,87.25,True,True,Two year,71,True,False
False,False,No,Mailed check,False,19.9,False,False,Two year,44,True,False
True,False,DSL,Electronic check,True,86.2,True,True,Month-to-month,54,True,False
True,True,Fiber optic,Bank transfer (automatic),True,116.05,True,True,Two year,72,False,False
True,False,Fiber optic,Electronic check,True,104.1,True,True,Month-to-month,47,False,False
True,False,Fiber optic,Credit card (automatic),False,91.2,True,False,One year,37,True,False
False,False,No,Mailed check,False,20.55,False,False,Two year,66,True,False
False,False,DSL,Mailed check,False,35.1,False,False,Two year,21,False,False
True,False,DSL,Electronic check,True,68.4,True,False,One year,58,False,False
True,False,Fiber optic,Credit card (automatic),True,85.2,False,False,Month-to-month,27,True,False
True,False,DSL,Mailed check,False,55.95,False,False,Month-to-month,18,True,False
True,False,DSL,Credit card (automatic),False,30.25,False,False,One year,12,True,False
False,False,DSL,Electronic check,True,54.3,False,False,Month-to-month,12,False,False
False,False,Fiber optic,Credit card (automatic),True,94.0,True,True,Month-to-month,15,False,False
False,False,No,Mailed check,False,19.8,False,False,One year,23,True,False
True,False,DSL,Mailed check,False,49.55,False,False,One year,10,True,False
True,False,Fiber optic,Bank transfer (automatic),False,83.15,False,True,One year,24,True,False
False,True,Fiber optic,Credit card (automatic),True,79.2,False,False,Two year,59,False,False
False,True,No,Bank transfer (automatic),True,20.05,False,False,Two year,64,False,False
True,False,No,Electronic check,False,20.25,False,False,Two year,42,False,False
True,False,DSL,Credit card (automatic),True,66.15,False,False,One year,64,False,False
False,False,No,Mailed check,False,20.45,False,False,Month-to-month,12,False,False
False,False,Fiber optic,Electronic check,True,89.55,True,True,Month-to-month,24,False,False
True,False,DSL,Bank transfer (automatic),False,60.0,False,False,One year,23,False,False
False,False,DSL,Mailed check,True,50.15,False,False,Month-to-month,1,False,False
True,False,DSL,Bank transfer (automatic),False,86.9,True,True,Two year,69,True,False
True,False,DSL,Bank transfer (automatic),False,40.65,False,False,Month-to-month,49,False,False
False,False,Fiber optic,Electronic check,True,89.85,False,False,One year,65,False,False
True,False,DSL,Mailed check,True,90.5,True,True,Two year,47,True,False
True,False,DSL,Credit card (automatic),True,61.3,False,True,Two year,56,True,False
False,True,DSL,Electronic check,True,44.4,True,False,Month-to-month,7,False,False
False,True,Fiber optic,Electronic check,True,72.1,False,False,Month-to-month,1,False,False
True,False,DSL,Electronic check,True,43.95,True,False,Month-to-month,46,False,False
True,False,DSL,Bank transfer (automatic),False,55.3,False,False,Two year,72,True,False
True,False,DSL,Mailed check,True,62.1,False,False,One year,17,True,False
False,False,DSL,Credit card (automatic),True,71.1,False,True,One year,58,False,False
False,False,DSL,Electronic check,False,34.3,False,False,Month-to-month,29,False,False
False,True,Fiber optic,Mailed check,True,96.75,True,False,One year,53,False,False
False,True,Fiber optic,Electronic check,True,99.0,True,False,One year,48,False,False
False,False,No,Mailed check,False,19.4,False,False,Two year,29,False,False
True,False,Fiber optic,Bank transfer (automatic),False,82.05,False,True,Month-to-month,30,True,False
False,False,DSL,Credit card (automatic),False,55.6,False,False,One year,35,True,False
False,False,No,Credit card (automatic),False,19.2,False,False,Two year,46,False,False
True,False,DSL,Bank transfer (automatic),True,66.8,False,False,Month-to-month,58,True,False
True,False,No,Bank transfer (automatic),False,20.5,False,False,One year,4,False,False
False,False,DSL,Mailed check,False,45.8,True,False,Month-to-month,26,True,False
False,True,Fiber optic,Bank transfer (automatic),False,108.1,True,True,One year,66,False,False
True,False,Fiber optic,Credit card (automatic),True,94.7,False,False,One year,58,True,False
True,False,DSL,Mailed check,True,80.1,True,True,Two year,71,False,False
True,False,DSL,Electronic check,True,84.5,True,True,Two year,57,True,False
True,False,Fiber optic,Bank transfer (automatic),False,92.2,True,False,One year,28,True,False
True,True,Fiber optic,Electronic check,False,90.0,False,True,Month-to-month,37,False,False
True,True,DSL,Electronic check,True,29.9,False,True,Month-to-month,4,False,False
False,False,No,Bank transfer (automatic),True,19.3,False,False,One year,16,True,False
False,False,DSL,Bank transfer (automatic),True,64.9,True,False,One year,23,False,False
True,True,DSL,Mailed check,True,35.65,False,True,Month-to-month,29,True,False
False,False,Fiber optic,Electronic check,False,91.05,True,False,Month-to-month,32,False,False
False,False,Fiber optic,Electronic check,True,101.4,True,True,Month-to-month,31,False,False
False,False,Fiber optic,Mailed check,True,105.35,True,False,Month-to-month,56,False,False
True,False,DSL,Credit card (automatic),False,50.55,False,False,One year,67,True,False
True,False,No,Mailed check,True,20.8,False,False,Two year,67,True,False
True,False,DSL,Credit card (automatic),True,90.8,True,True,Two year,72,True,False
False,False,No,Mailed check,False,19.1,False,False,One year,29,False,False
True,False,No,Mailed check,True,19.15,False,False,Month-to-month,25,True,False
False,False,DSL,Mailed check,True,29.6,False,False,Two year,10,False,False
False,False,DSL,Credit card (automatic),True,43.6,True,True,Two year,62,False,False
True,False,DSL,Electronic check,True,78.8,True,True,Two year,43,False,False
False,True,DSL,Electronic check,True,71.75,True,False,One year,60,False,False
False,False,DSL,Credit card (automatic),True,45.2,False,False,Month-to-month,46,False,False
False,False,Fiber optic,Electronic check,True,90.65,True,False,Month-to-month,33,False,False
False,False,DSL,Mailed check,True,59.05,False,False,Month-to-month,22,False,False
False,False,DSL,Mailed check,True,35.0,False,False,Month-to-month,50,False,False
False,False,Fiber optic,Credit card (automatic),True,69.95,False,False,Month-to-month,16,False,False
True,False,No,Mailed check,False,24.35,False,False,One year,23,True,False
True,False,No,Credit card (automatic),False,25.6,False,False,Two year,67,False,False
False,False,DSL,Credit card (automatic),False,61.45,False,False,Two year,37,True,False
False,False,DSL,Mailed check,True,61.9,False,False,Month-to-month,40,False,False
False,False,No,Mailed check,False,20.5,False,False,Two year,32,True,False
True,False,No,Bank transfer (automatic),False,19.3,False,False,Two year,41,True,False
True,False,Fiber optic,Credit card (automatic),False,90.25,True,True,One year,64,True,False
True,True,Fiber optic,Electronic check,True,89.0,True,False,Month-to-month,7,False,False
True,False,Fiber optic,Bank transfer (automatic),True,95.95,True,True,Month-to-month,45,True,False
False,False,Fiber optic,Electronic check,True,75.65,False,False,Month-to-month,4,False,False
True,True,Fiber optic,Electronic check,True,95.8,True,False,Month-to-month,14,True,False
True,False,DSL,Bank transfer (automatic),True,54.95,False,False,One year,35,True,False
True,False,DSL,Mailed check,False,73.6,True,True,Two year,32,True,False
True,True,Fiber optic,Electronic check,True,100.8,True,True,Month-to-month,35,False,False
True,False,DSL,Mailed check,False,71.1,False,True,Two year,71,True,False
True,False,Fiber optic,Electronic check,False,80.8,False,True,One year,40,False,False
False,False,DSL,Bank transfer (automatic),True,79.95,True,True,One year,34,False,False
False,False,Fiber optic,Bank transfer (automatic),True,89.9,False,False,Month-to-month,60,False,False
False,False,DSL,Mailed check,False,54.45,False,False,Month-to-month,68,False,False
True,False,Fiber optic,Electronic check,False,90.05,True,True,Month-to-month,47,True,False
True,True,DSL,Electronic check,True,76.05,True,False,Month-to-month,35,True,False
False,False,Fiber optic,Mailed check,True,98.55,True,False,Month-to-month,20,False,False
True,False,No,Credit card (automatic),True,24.95,False,False,Two year,56,True,False
False,True,Fiber optic,Electronic check,True,91.5,True,False,Month-to-month,15,False,False
False,False,DSL,Bank transfer (automatic),True,84.85,True,True,Two year,65,False,False
True,False,No,Bank transfer (automatic),False,19.8,False,False,Two year,70,False,False
False,True,Fiber optic,Electronic check,True,84.35,False,True,Month-to-month,7,False,False
True,False,Fiber optic,Bank transfer (automatic),True,104.05,True,True,Two year,53,True,False
False,False,Fiber optic,Electronic check,False,75.05,False,False,Month-to-month,10,False,False
False,False,DSL,Mailed check,False,45.3,False,False,Month-to-month,1,False,False
True,True,Fiber optic,Bank transfer (automatic),True,91.0,True,False,One year,20,False,False
True,False,Fiber optic,Electronic check,True,78.9,False,False,One year,47,False,False
True,False,DSL,Electronic check,True,75.5,True,False,Two year,67,True,False
False,False,Fiber optic,Bank transfer (automatic),True,106.65,False,True,Month-to-month,17,False,False
True,False,Fiber optic,Mailed check,False,113.95,True,True,Two year,62,False,False
False,False,DSL,Mailed check,True,55.3,True,False,Month-to-month,4,False,False
False,False,DSL,Electronic check,True,51.35,False,False,Month-to-month,5,False,False
False,True,Fiber optic,Bank transfer (automatic),True,102.15,True,True,One year,45,False,False
True,False,DSL,Bank transfer (automatic),False,68.5,False,True,One year,41,True,False
True,False,DSL,Electronic check,False,50.55,True,False,Month-to-month,11,True,False
False,False,Fiber optic,Electronic check,True,92.9,True,False,Month-to-month,14,False,False
False,False,Fiber optic,Electronic check,True,76.25,False,False,Month-to-month,9,False,False
False,False,Fiber optic,Electronic check,True,88.95,False,False,Two year,33,False,False
True,False,No,Bank transfer (automatic),False,25.4,False,False,Two year,68,True,False
True,False,No,Bank transfer (automatic),False,25.0,False,False,Two year,72,True,False
False,True,Fiber optic,Electronic check,True,104.1,True,True,Month-to-month,30,False,False
False,True,Fiber optic,Electronic check,False,89.95,True,False,Month-to-month,20,False,False
True,False,DSL,Mailed check,True,60.2,True,False,Month-to-month,29,True,False
True,False,Fiber optic,Credit card (automatic),True,110.6,True,True,Two year,72,False,False
True,False,Fiber optic,Electronic check,True,111.55,True,True,One year,51,False,False
False,False,No,Electronic check,True,24.8,False,False,Month-to-month,15,True,False
False,False,No,Mailed check,True,24.4,False,False,Two year,62,True,False
False,False,DSL,Credit card (automatic),True,44.45,False,True,Month-to-month,26,False,False
False,False,Fiber optic,Bank transfer (automatic),True,79.95,True,False,Month-to-month,12,False,False
False,False,Fiber optic,Mailed check,True,84.3,False,True,Month-to-month,26,False,False
False,True,Fiber optic,Bank transfer (automatic),False,113.8,True,True,Two year,72,False,False
False,False,Fiber optic,Bank transfer (automatic),True,105.35,True,True,Month-to-month,34,True,False
False,False,DSL,Bank transfer (automatic),False,65.6,False,True,Two year,37,False,False
True,False,No,Credit card (automatic),True,20.55,False,False,One year,69,True,False
True,True,Fiber optic,Electronic check,True,100.75,True,False,One year,65,False,False
True,False,No,Credit card (automatic),False,25.0,False,False,Two year,72,False,False
False,False,No,Credit card (automatic),False,24.6,False,False,Two year,69,False,False
False,False,DSL,Credit card (automatic),True,90.05,True,True,Two year,66,False,False
False,False,Fiber optic,Mailed check,True,74.3,False,False,Month-to-month,1,False,False
True,True,Fiber optic,Bank transfer (automatic),True,108.8,True,True,Month-to-month,65,False,False
True,False,DSL,Bank transfer (automatic),False,58.25,True,True,Two year,71,False,False
True,False,Fiber optic,Credit card (automatic),True,101.15,True,True,Month-to-month,38,True,False
False,False,Fiber optic,Mailed check,True,75.75,False,False,Month-to-month,10,False,False
True,False,DSL,Mailed check,False,35.5,False,False,Month-to-month,12,True,False
True,False,No,Bank transfer (automatic),False,25.1,False,False,Two year,72,True,False
True,False,Fiber optic,Electronic check,True,101.75,True,True,One year,70,False,False
False,False,No,Mailed check,False,19.95,False,False,Month-to-month,3,False,False
True,False,DSL,Bank transfer (automatic),False,69.7,True,False,Two year,53,True,False
False,False,DSL,Electronic check,True,64.65,False,True,Month-to-month,59,False,False
True,False,DSL,Mailed check,True,81.05,True,False,Two year,61,False,False
False,False,DSL,Mailed check,False,44.45,False,False,Month-to-month,8,False,False
True,False,DSL,Credit card (automatic),True,73.05,True,True,One year,64,True,False
True,False,DSL,Bank transfer (automatic),True,87.1,True,True,Two year,72,False,False
False,False,DSL,Mailed check,True,50.15,False,False,Month-to-month,3,False,False
True,False,Fiber optic,Credit card (automatic),True,81.25,False,True,One year,59,False,False
False,False,DSL,Mailed check,False,54.65,True,False,Month-to-month,3,False,False
True,True,Fiber optic,Mailed check,False,77.9,False,False,Month-to-month,30,False,False
True,False,No,Credit card (automatic),False,25.55,False,False,Two year,72,True,False
True,False,DSL,Electronic check,True,80.1,True,False,One year,59,False,False
True,True,DSL,Bank transfer (automatic),True,90.15,True,True,Two year,72,True,False
False,True,Fiber optic,Bank transfer (automatic),True,100.15,True,True,One year,45,False,False
False,False,Fiber optic,Credit card (automatic),True,108.45,True,True,Month-to-month,45,False,False
False,False,No,Bank transfer (automatic),False,21.45,False,False,Two year,35,False,False
True,False,DSL,Mailed check,False,56.8,False,False,Two year,55,False,False
False,False,DSL,Bank transfer (automatic),False,62.8,True,True,Month-to-month,7,False,False
True,False,DSL,Credit card (automatic),False,64.4,False,False,Month-to-month,5,True,False
True,False,DSL,Credit card (automatic),False,60.5,False,False,Two year,51,True,False
False,False,DSL,Electronic check,True,35.2,False,True,Month-to-month,18,False,False
False,False,No,Mailed check,True,19.7,False,False,One year,20,False,False
False,False,DSL,Electronic check,True,29.75,False,False,Month-to-month,3,False,False
True,False,DSL,Electronic check,True,58.35,False,False,One year,24,False,False
True,False,No,Mailed check,True,20.0,False,False,One year,20,False,False
True,False,Fiber optic,Electronic check,True,115.55,True,True,Two year,72,False,False
True,False,DSL,Bank transfer (automatic),True,87.55,True,True,Two year,72,True,False
False,False,No,Mailed check,True,19.6,False,False,Two year,27,False,False
False,False,No,Bank transfer (automatic),False,23.3,False,False,Two year,35,False,False
False,False,No,Credit card (automatic),False,20.3,False,False,One year,22,False,False
False,False,No,Mailed check,True,19.8,False,False,Two year,67,False,False
False,False,DSL,Credit card (automatic),False,86.45,True,True,Two year,61,False,False
True,False,DSL,Bank transfer (automatic),False,61.4,False,False,Month-to-month,32,True,False
False,True,No,Bank transfer (automatic),False,19.5,False,False,Month-to-month,6,False,False
False,False,DSL,Electronic check,True,44.5,True,False,Month-to-month,30,True,False
False,False,DSL,Mailed check,True,75.9,False,False,Month-to-month,19,True,False
False,False,Fiber optic,Electronic check,True,76.05,False,False,Month-to-month,31,False,False
False,True,Fiber optic,Electronic check,False,74.7,False,False,Month-to-month,1,False,False
False,False,DSL,Electronic check,False,30.5,False,False,Month-to-month,4,False,False
True,False,Fiber optic,Credit card (automatic),True,109.5,True,True,Two year,72,True,False
True,False,Fiber optic,Bank transfer (automatic),True,104.1,True,True,Two year,65,True,False
True,False,No,Credit card (automatic),False,20.0,False,False,Two year,63,True,False
True,False,No,Mailed check,False,20.25,False,False,Month-to-month,7,True,False
False,False,Fiber optic,Electronic check,True,71.1,False,False,Month-to-month,18,False,False
True,False,DSL,Credit card (automatic),True,54.95,False,False,Month-to-month,10,False,False
False,False,No,Credit card (automatic),True,19.75,False,False,Month-to-month,1,False,False
True,True,Fiber optic,Credit card (automatic),True,105.4,True,True,One year,67,False,False
False,False,No,Credit card (automatic),False,24.35,False,False,Two year,58,False,False
True,False,Fiber optic,Credit card (automatic),False,109.55,True,True,Two year,72,True,False
True,False,No,Mailed check,False,19.85,False,False,Two year,7,True,False
False,False,DSL,Electronic check,False,58.95,False,True,Month-to-month,15,False,False
True,False,DSL,Bank transfer (automatic),True,49.85,True,True,Two year,70,False,False
False,False,DSL,Bank transfer (automatic),True,71.4,True,True,Month-to-month,16,False,False
True,False,DSL,Credit card (automatic),True,79.7,True,False,One year,63,False,False
False,False,DSL,Credit card (automatic),True,76.9,False,True,Two year,71,True,False
True,False,DSL,Bank transfer (automatic),False,69.7,False,True,One year,48,True,False
False,False,DSL,Electronic check,True,40.45,False,True,Month-to-month,43,True,False
False,False,Fiber optic,Bank transfer (automatic),True,95.85,True,True,One year,26,False,False
False,False,Fiber optic,Mailed check,True,70.3,False,False,Month-to-month,3,False,False
False,False,DSL,Mailed check,False,41.9,False,True,Two year,47,False,False
True,True,DSL,Credit card (automatic),True,34.3,False,True,Month-to-month,19,False,False
True,False,No,Bank transfer (automatic),False,20.25,False,False,Two year,46,True,False
False,False,No,Mailed check,False,19.4,False,False,Month-to-month,2,False,False
True,False,No,Mailed check,False,19.75,False,False,Two year,24,False,False
True,True,Fiber optic,Bank transfer (automatic),True,116.05,True,True,Two year,60,False,False
False,False,DSL,Mailed check,True,55.75,False,False,Month-to-month,5,False,False
True,False,Fiber optic,Electronic check,True,94.1,True,False,Month-to-month,43,False,False
False,False,Fiber optic,Electronic check,False,94.7,True,False,One year,57,False,False
True,False,Fiber optic,Credit card (automatic),True,116.95,True,True,Two year,72,False,False
True,False,Fiber optic,Credit card (automatic),False,85.9,True,False,Month-to-month,26,False,False
False,False,DSL,Bank transfer (automatic),False,46.2,True,False,Two year,54,False,False
False,False,DSL,Electronic check,True,59.9,False,False,One year,28,False,False
True,False,Fiber optic,Mailed check,True,84.55,False,True,Month-to-month,45,False,False
True,False,DSL,Electronic check,False,70.3,False,False,One year,10,True,False
True,False,Fiber optic,Electronic check,False,99.4,True,False,One year,50,False,False
True,False,DSL,Credit card (automatic),False,44.45,False,True,One year,17,True,False
True,False,Fiber optic,Credit card (automatic),False,110.05,True,False,One year,51,True,False
False,False,No,Mailed check,True,19.35,False,False,One year,50,False,False
False,False,DSL,Electronic check,False,43.9,False,False,Two year,67,False,False
True,False,No,Electronic check,True,20.05,False,False,Two year,12,False,False
False,False,DSL,Electronic check,True,64.35,False,False,Month-to-month,5,False,False
True,False,No,Credit card (automatic),False,20.35,False,False,Month-to-month,42,False,False
True,False,Fiber optic,Electronic check,True,107.25,True,False,One year,56,False,False
True,False,Fiber optic,Credit card (automatic),False,88.6,False,True,Month-to-month,33,True,False
True,False,DSL,Credit card (automatic),True,73.5,True,True,Two year,26,False,False
True,False,DSL,Electronic check,True,51.1,False,False,Month-to-month,15,False,False
True,False,Fiber optic,Credit card (automatic),True,113.05,True,True,Two year,70,True,False
True,True,DSL,Bank transfer (automatic),True,54.55,False,False,Month-to-month,16,False,False
True,False,No,Bank transfer (automatic),True,20.95,False,False,Two year,60,True,False
False,False,DSL,Bank transfer (automatic),True,55.3,False,False,Month-to-month,30,False,False
False,False,DSL,Electronic check,True,50.3,False,False,Month-to-month,18,False,False
True,False,Fiber optic,Bank transfer (automatic),True,109.25,True,True,Two year,63,False,False
False,False,DSL,Mailed check,True,72.1,True,False,One year,35,True,False
True,False,Fiber optic,Mailed check,False,69.95,False,False,Month-to-month,2,True,False
True,False,No,Electronic check,False,20.0,False,False,Month-to-month,1,True,False
True,False,Fiber optic,Credit card (automatic),True,114.1,True,True,Two year,72,False,False
True,False,DSL,Credit card (automatic),True,70.5,False,False,Two year,50,True,False
True,False,Fiber optic,Electronic check,True,80.25,False,False,Month-to-month,41,False,False
False,False,DSL,Bank transfer (automatic),True,44.65,False,False,Month-to-month,7,False,False
True,False,Fiber optic,Mailed check,True,94.05,False,True,Month-to-month,6,True,False
False,False,No,Credit card (automatic),False,19.45,False,False,Two year,17,False,False
True,False,Fiber optic,Bank transfer (automatic),True,84.05,False,True,Month-to-month,52,True,False
False,False,Fiber optic,Bank transfer (automatic),True,90.25,False,True,One year,70,False,False
True,False,DSL,Bank transfer (automatic),False,50.55,True,False,Two year,66,True,False
True,False,Fiber optic,Electronic check,True,111.25,True,True,One year,67,False,False
True,False,No,Mailed check,True,23.8,False,False,Two year,39,True,False
False,True,Fiber optic,Bank transfer (automatic),True,75.4,False,False,Month-to-month,23,False,False
True,False,DSL,Mailed check,False,48.6,False,False,One year,9,True,False
True,False,DSL,Credit card (automatic),True,39.4,False,True,Two year,20,True,False
True,False,Fiber optic,Credit card (automatic),True,90.05,True,True,Month-to-month,34,True,False
False,True,Fiber optic,Electronic check,False,73.85,False,True,Month-to-month,44,False,False
True,False,No,Electronic check,False,26.9,False,False,One year,47,False,False
False,False,No,Mailed check,False,18.8,False,False,One year,19,False,False
False,False,No,Bank transfer (automatic),False,21.0,False,False,Two year,52,False,False
True,True,Fiber optic,Electronic check,True,74.2,False,True,Month-to-month,2,False,False
True,False,DSL,Bank transfer (automatic),False,60.25,True,True,Two year,69,False,False
False,False,DSL,Mailed check,True,80.25,True,True,Two year,6,False,False
True,True,Fiber optic,Electronic check,True,110.45,True,True,Two year,54,False,False
True,True,Fiber optic,Credit card (automatic),True,94.65,True,False,Month-to-month,67,False,False
True,False,No,Electronic check,True,19.2,False,False,Month-to-month,12,True,False
False,False,DSL,Electronic check,True,50.35,True,False,Month-to-month,22,False,False
True,False,Fiber optic,Electronic check,False,78.9,False,False,Month-to-month,17,False,False
False,False,No,Credit card (automatic),True,25.3,False,False,Two year,58,False,False
True,False,No,Credit card (automatic),True,19.45,False,False,Month-to-month,32,True,False
False,False,Fiber optic,Bank transfer (automatic),True,104.4,True,True,Two year,64,False,False
True,False,DSL,Electronic check,True,49.2,True,True,Two year,72,False,False
False,False,Fiber optic,Credit card (automatic),True,79.05,False,False,One year,71,False,False
True,False,No,Bank transfer (automatic),True,23.55,False,False,Two year,72,False,False
True,False,No,Mailed check,False,20.35,False,False,Two year,1,True,False
True,False,Fiber optic,Electronic check,True,76.1,False,False,Month-to-month,27,False,False
True,False,No,Credit card (automatic),False,25.15,False,False,Two year,70,True,False
False,False,DSL,Credit card (automatic),True,79.2,True,True,Month-to-month,36,False,False
True,False,DSL,Bank transfer (automatic),False,84.9,True,True,One year,61,True,False
True,False,DSL,Credit card (automatic),True,83.55,True,True,Two year,72,True,False
False,False,No,Mailed check,False,19.85,False,False,Month-to-month,3,False,False
False,False,DSL,Mailed check,True,50.5,False,False,Month-to-month,3,False,False
False,False,DSL,Mailed check,True,38.8,True,False,Two year,15,False,False
False,False,DSL,Electronic check,True,40.05,True,False,Month-to-month,4,False,False
False,False,DSL,Electronic check,True,59.6,False,True,Month-to-month,35,False,False
False,False,DSL,Mailed check,False,49.05,False,False,Month-to-month,1,False,False
False,False,No,Mailed check,False,18.7,False,False,Two year,53,False,False
False,False,Fiber optic,Credit card (automatic),True,90.7,False,True,Month-to-month,20,False,False
False,False,DSL,Bank transfer (automatic),True,77.8,True,True,Two year,55,False,False
True,False,DSL,Electronic check,True,65.65,True,True,One year,48,False,False
False,False,Fiber optic,Bank transfer (automatic),True,85.65,True,False,Month-to-month,32,False,False
True,False,DSL,Mailed check,False,40.9,False,False,One year,35,True,False
True,False,No,Bank transfer (automatic),True,26.25,False,False,Two year,72,True,False
False,False,Fiber optic,Bank transfer (automatic),False,70.7,False,False,Month-to-month,8,False,False
False,False,DSL,Mailed check,False,45.6,False,False,Month-to-month,1,False,False
True,False,No,Credit card (automatic),False,19.9,False,False,One year,8,True,False
True,True,Fiber optic,Electronic check,True,89.85,True,False,Month-to-month,57,False,False
False,False,Fiber optic,Credit card (automatic),True,89.6,False,True,One year,18,False,False
True,False,Fiber optic,Bank transfer (automatic),True,116.85,True,True,Two year,72,True,False
True,False,Fiber optic,Credit card (automatic),True,95.7,True,False,Month-to-month,25,False,False
True,False,DSL,Electronic check,True,29.6,False,False,Month-to-month,11,True,False
False,False,No,Credit card (automatic),False,20.15,False,False,Month-to-month,22,True,False
True,False,Fiber optic,Bank transfer (automatic),True,105.55,True,True,Two year,72,True,False
True,False,DSL,Bank transfer (automatic),False,80.65,True,False,Two year,69,True,False
False,False,No,Credit card (automatic),False,19.7,False,False,Month-to-month,11,True,False
False,False,DSL,Electronic check,True,66.65,False,False,Month-to-month,8,False,False
False,True,Fiber optic,Bank transfer (automatic),True,101.45,True,True,Month-to-month,29,False,False
True,False,Fiber optic,Credit card (automatic),True,97.55,True,True,One year,57,True,False
True,False,No,Electronic check,False,24.5,False,False,Two year,27,True,False
True,False,Fiber optic,Credit card (automatic),False,81.85,False,False,One year,23,True,False
True,False,DSL,Credit card (automatic),False,90.95,True,True,Two year,72,True,False
True,False,Fiber optic,Electronic check,True,103.95,True,True,One year,50,False,False
True,False,DSL,Mailed check,False,64.25,False,True,Two year,16,True,False
True,True,Fiber optic,Electronic check,True,90.05,False,False,Month-to-month,30,False,False
False,False,No,Mailed check,True,19.3,False,False,Month-to-month,1,True,False
True,False,DSL,Electronic check,True,70.7,False,False,One year,54,True,False
False,True,Fiber optic,Credit card (automatic),True,99.65,False,False,One year,71,False,False
True,False,No,Mailed check,False,20.3,False,False,One year,2,True,False
False,False,Fiber optic,Electronic check,True,98.65,True,True,Month-to-month,26,False,False
True,False,No,Credit card (automatic),True,20.55,False,False,One year,61,False,False
False,False,Fiber optic,Electronic check,True,86.55,True,False,Month-to-month,12,False,False
True,False,DSL,Bank transfer (automatic),False,35.05,False,False,Month-to-month,46,True,False
True,False,DSL,Mailed check,False,65.5,True,False,Two year,8,False,False
False,False,DSL,Electronic check,False,55.3,False,False,Month-to-month,16,False,False
False,True,DSL,Electronic check,True,54.8,False,True,Month-to-month,13,False,False
False,False,No,Mailed check,False,20.3,False,False,Month-to-month,12,False,False
True,False,Fiber optic,Bank transfer (automatic),False,97.75,True,False,One year,53,False,False
False,False,No,Mailed check,True,20.45,False,False,Month-to-month,1,False,False
True,False,Fiber optic,Electronic check,True,105.0,True,True,Two year,69,True,False
False,False,Fiber optic,Bank transfer (automatic),True,103.8,True,True,Month-to-month,42,False,False
False,False,DSL,Electronic check,True,54.2,False,False,Month-to-month,3,False,False
False,False,Fiber optic,Electronic check,False,79.85,False,False,Month-to-month,10,False,False
True,False,No,Credit card (automatic),False,19.55,False,False,Two year,58,True,False
True,False,DSL,Mailed check,True,49.2,False,False,Month-to-month,31,False,False
False,False,No,Credit card (automatic),False,20.05,False,False,Month-to-month,5,False,False
True,False,DSL,Bank transfer (automatic),True,67.45,False,True,Month-to-month,66,True,False
True,False,No,Mailed check,False,20.55,False,False,One year,15,True,False
False,False,Fiber optic,Electronic check,True,70.15,False,False,Month-to-month,2,False,False
False,False,No,Mailed check,False,20.1,False,False,Month-to-month,2,False,False
True,False,DSL,Credit card (automatic),False,61.4,False,False,Two year,69,True,False
True,False,DSL,Electronic check,False,55.7,False,False,Month-to-month,57,False,False
False,False,DSL,Electronic check,True,56.0,False,False,Month-to-month,13,True,False
False,False,Fiber optic,Electronic check,True,75.15,False,True,Month-to-month,7,False,False
True,False,No,Electronic check,True,24.5,False,False,Two year,71,False,False
False,False,No,Credit card (automatic),False,20.4,False,False,Month-to-month,4,True,False
False,False,DSL,Bank transfer (automatic),False,64.65,False,False,One year,37,False,False
True,False,DSL,Electronic check,False,49.9,False,False,Month-to-month,30,False,False
True,False,Fiber optic,Bank transfer (automatic),True,90.35,False,False,Two year,72,True,False
False,False,DSL,Mailed check,True,45.0,False,True,Month-to-month,29,True,False
True,False,Fiber optic,Credit card (automatic),True,96.95,False,False,Month-to-month,56,True,False
True,False,Fiber optic,Credit card (automatic),True,108.05,True,True,One year,65,False,False
True,False,DSL,Credit card (automatic),False,66.25,True,True,Two year,52,False,False
False,True,Fiber optic,Electronic check,False,69.65,False,False,Month-to-month,16,False,False
False,False,Fiber optic,Mailed check,True,93.2,True,False,Month-to-month,22,False,False
False,False,Fiber optic,Electronic check,False,76.4,False,False,Month-to-month,11,False,False
True,False,No,Mailed check,False,20.05,False,False,Month-to-month,20,True,False
False,False,DSL,Electronic check,True,68.6,True,True,One year,41,False,False
False,True,No,Bank transfer (automatic),True,24.9,False,False,One year,33,False,False
False,False,Fiber optic,Electronic check,False,75.25,False,False,Month-to-month,11,False,False
True,False,No,Electronic check,False,20.15,False,False,Month-to-month,4,False,False
True,False,DSL,Mailed check,False,50.0,False,True,One year,58,True,False
True,True,Fiber optic,Bank transfer (automatic),False,78.5,False,False,Two year,72,False,False
True,False,Fiber optic,Mailed check,False,108.15,True,True,Two year,62,True,False
True,False,DSL,Bank transfer (automatic),False,66.8,True,True,One year,71,False,False
True,False,Fiber optic,Credit card (automatic),True,108.55,True,True,Two year,71,False,False
True,False,DSL,Bank transfer (automatic),False,64.75,False,False,Two year,72,False,False
False,False,DSL,Bank transfer (automatic),True,44.65,True,False,Month-to-month,26,False,False
True,False,No,Bank transfer (automatic),False,24.45,False,False,Two year,72,True,False
False,False,DSL,Mailed check,False,71.1,True,False,Two year,3,False,False
False,False,DSL,Bank transfer (automatic),True,49.75,False,False,Month-to-month,52,False,False
True,False,DSL,Bank transfer (automatic),False,58.25,False,False,One year,68,False,False
True,False,DSL,Bank transfer (automatic),True,50.3,False,False,Month-to-month,7,False,False
True,False,DSL,Credit card (automatic),True,94.8,True,True,Two year,70,False,False
False,False,DSL,Mailed check,False,35.75,False,False,Two year,24,True,False
False,False,Fiber optic,Mailed check,True,79.1,False,False,Month-to-month,23,False,False
True,False,Fiber optic,Credit card (automatic),False,101.0,True,True,Two year,70,False,False
True,False,Fiber optic,Electronic check,False,85.9,False,False,Month-to-month,25,True,False
True,False,No,Credit card (automatic),True,20.05,False,False,Month-to-month,10,True,False
False,False,Fiber optic,Mailed check,True,89.85,False,True,Month-to-month,3,False,False
False,False,No,Electronic check,False,20.7,False,False,Month-to-month,1,False,False
False,True,No,Bank transfer (automatic),False,20.05,False,False,Month-to-month,5,False,False
False,False,No,Bank transfer (automatic),False,20.1,False,False,One year,16,False,False
True,False,DSL,Credit card (automatic),False,80.1,True,True,Month-to-month,29,True,False
True,False,Fiber optic,Electronic check,True,81.2,False,True,Month-to-month,40,True,False
True,False,Fiber optic,Credit card (automatic),True,109.1,True,False,Two year,58,False,False
False,False,Fiber optic,Electronic check,True,81.45,False,False,Month-to-month,12,False,False
True,False,Fiber optic,Electronic check,False,81.95,False,False,Month-to-month,26,True,False
False,False,No,Mailed check,False,23.75,False,False,One year,18,False,False
True,False,Fiber optic,Electronic check,True,109.95,True,True,Month-to-month,35,True,False
True,False,Fiber optic,Credit card (automatic),True,84.65,False,False,Two year,63,False,False
False,False,Fiber optic,Bank transfer (automatic),False,80.05,False,True,Month-to-month,17,False,False
False,False,No,Mailed check,True,19.7,False,False,Two year,20,False,False
True,False,DSL,Mailed check,False,33.75,False,False,Month-to-month,29,False,False
True,False,DSL,Electronic check,True,45.45,False,False,Month-to-month,8,True,False
True,False,No,Bank transfer (automatic),False,20.45,False,False,Two year,62,True,False
False,True,Fiber optic,Electronic check,True,69.7,False,False,Month-to-month,8,False,False
True,False,Fiber optic,Electronic check,True,90.1,True,False,Month-to-month,1,True,False
False,False,No,Credit card (automatic),False,19.6,False,False,Month-to-month,14,False,False
True,False,DSL,Mailed check,True,30.25,False,False,Month-to-month,2,True,False
False,False,No,Mailed check,True,21.05,False,False,Month-to-month,1,True,False
True,False,Fiber optic,Credit card (automatic),True,101.9,True,False,One year,27,False,False
False,False,Fiber optic,Credit card (automatic),False,94.9,False,True,One year,47,False,False
False,True,Fiber optic,Bank transfer (automatic),True,101.4,True,False,One year,60,False,False
True,False,No,Mailed check,False,23.85,False,False,Two year,23,True,False
False,False,DSL,Credit card (automatic),False,59.45,False,False,One year,26,False,False
True,False,Fiber optic,Electronic check,True,111.45,True,True,One year,64,True,False
True,False,Fiber optic,Electronic check,False,70.5,False,False,Month-to-month,4,False,False
False,True,DSL,Credit card (automatic),True,33.45,False,False,Month-to-month,43,False,False
False,False,Fiber optic,Electronic check,False,105.4,True,False,Month-to-month,63,False,False
False,False,Fiber optic,Electronic check,True,106.45,True,True,Month-to-month,61,False,False
True,False,DSL,Mailed check,True,57.75,False,False,One year,23,True,False
True,False,DSL,Electronic check,False,54.3,False,False,Month-to-month,25,True,False
True,False,Fiber optic,Electronic check,True,114.0,True,True,Two year,72,True,False
True,False,Fiber optic,Bank transfer (automatic),True,82.85,True,False,One year,28,True,False
True,False,No,Mailed check,True,19.2,False,False,Two year,70,True,False
False,False,Fiber optic,Credit card (automatic),True,95.0,False,True,Month-to-month,30,False,False
False,False,Fiber optic,Credit card (automatic),True,94.45,True,True,One year,53,False,False
True,False,Fiber optic,Credit card (automatic),True,95.2,True,False,One year,47,False,False
False,True,DSL,Bank transfer (automatic),False,65.25,True,True,One year,54,False,False
False,True,Fiber optic,Electronic check,True,90.1,False,True,Month-to-month,9,False,False
False,False,DSL,Mailed check,False,51.55,False,False,Month-to-month,2,True,False
True,False,Fiber optic,Electronic check,True,85.1,False,False,Month-to-month,55,True,False
False,False,Fiber optic,Electronic check,True,89.55,False,False,One year,41,False,False
False,False,Fiber optic,Electronic check,True,89.25,True,True,Month-to-month,6,False,False
False,False,No,Mailed check,True,24.85,False,False,One year,41,False,False
False,False,DSL,Bank transfer (automatic),False,50.1,False,False,Month-to-month,14,False,False
True,False,Fiber optic,Credit card (automatic),True,80.0,False,False,Month-to-month,22,False,False
False,False,No,Bank transfer (automatic),True,19.5,False,False,One year,25,False,False
False,False,Fiber optic,Bank transfer (automatic),False,107.45,True,True,One year,51,False,False
False,False,Fiber optic,Electronic check,True,71.05,False,False,Month-to-month,7,True,False
False,False,DSL,Electronic check,True,60.25,False,False,Month-to-month,3,False,False
False,False,No,Mailed check,False,19.65,False,False,Two year,52,False,False
True,False,DSL,Credit card (automatic),True,92.2,True,True,Two year,68,True,False
False,False,No,Credit card (automatic),False,20.25,False,False,Two year,72,False,False
True,False,DSL,Bank transfer (automatic),True,54.1,True,True,Two year,68,False,False
True,False,No,Mailed check,False,20.5,False,False,Two year,55,True,False
True,False,No,Mailed check,False,26.1,False,False,Two year,72,True,False
True,False,DSL,Credit card (automatic),True,54.4,False,True,One year,18,True,False
False,False,No,Mailed check,True,20.05,False,False,Month-to-month,22,False,False
False,False,Fiber optic,Credit card (automatic),False,80.05,False,False,Month-to-month,35,False,False
True,False,DSL,Bank transfer (automatic),False,51.0,False,False,Month-to-month,11,True,False
False,False,No,Mailed check,False,20.8,False,False,Two year,58,False,False
False,False,Fiber optic,Bank transfer (automatic),False,90.4,False,True,One year,30,False,False
True,False,DSL,Mailed check,True,61.95,False,True,One year,17,True,False
True,False,Fiber optic,Bank transfer (automatic),True,112.55,True,True,Two year,69,False,False
False,True,Fiber optic,Bank transfer (automatic),True,83.8,False,False,Month-to-month,2,False,False
True,False,Fiber optic,Credit card (automatic),True,99.0,False,True,Two year,71,True,False
False,False,Fiber optic,Electronic check,True,74.2,False,False,Month-to-month,29,False,False
False,False,No,Bank transfer (automatic),False,20.5,False,False,One year,2,True,False
True,False,Fiber optic,Electronic check,True,100.3,True,False,One year,68,False,False
False,False,DSL,Electronic check,False,81.7,True,True,One year,27,False,False
True,False,DSL,Mailed check,False,35.35,False,True,One year,36,False,False
False,False,DSL,Electronic check,True,54.75,True,True,One year,42,False,False
False,False,DSL,Mailed check,False,70.7,True,False,Month-to-month,3,True,False
True,False,DSL,Electronic check,False,54.25,False,True,Month-to-month,23,False,False
False,False,No,Mailed check,False,19.65,False,False,Month-to-month,18,False,False
False,False,Fiber optic,Mailed check,False,78.75,True,False,Month-to-month,5,False,False
False,False,DSL,Mailed check,True,44.9,False,False,Month-to-month,1,False,False
True,False,Fiber optic,Bank transfer (automatic),True,113.65,True,True,Two year,72,False,False
False,False,Fiber optic,Bank transfer (automatic),True,93.4,False,True,Month-to-month,40,False,False
True,False,No,Bank transfer (automatic),False,18.4,False,False,Two year,59,False,False
True,False,Fiber optic,Electronic check,True,110.15,True,True,Two year,72,False,False
True,False,Fiber optic,Electronic check,True,92.85,True,True,One year,64,True,False
True,False,No,Credit card (automatic),False,20.35,False,False,One year,15,True,False
False,False,No,Mailed check,False,20.1,False,False,One year,16,False,False
False,False,No,Mailed check,True,19.95,False,False,Month-to-month,4,False,False
False,False,Fiber optic,Bank transfer (automatic),True,100.5,True,True,Month-to-month,26,False,False
False,False,Fiber optic,Bank transfer (automatic),True,108.2,True,True,Month-to-month,20,False,False
False,False,DSL,Mailed check,True,75.85,True,False,One year,12,False,False
True,False,DSL,Credit card (automatic),False,56.1,False,False,One year,42,False,False
True,False,Fiber optic,Electronic check,False,100.3,True,True,One year,52,True,False
False,False,Fiber optic,Bank transfer (automatic),True,74.6,False,False,Month-to-month,49,False,False
True,False,DSL,Mailed check,False,80.9,True,True,One year,21,False,False
True,True,Fiber optic,Credit card (automatic),True,102.65,True,True,Two year,72,False,False
True,False,Fiber optic,Mailed check,True,73.55,False,False,Month-to-month,64,False,False
False,False,Fiber optic,Electronic check,True,85.95,True,False,Month-to-month,13,False,False
False,False,DSL,Bank transfer (automatic),False,67.8,True,False,Month-to-month,13,False,False
True,False,No,Bank transfer (automatic),True,20.5,False,False,One year,44,True,False
True,False,DSL,Credit card (automatic),True,90.55,True,True,Two year,71,True,False
True,False,DSL,Bank transfer (automatic),True,83.3,True,True,Two year,72,True,False
False,True,No,Mailed check,False,20.65,False,False,One year,17,False,False
True,False,No,Credit card (automatic),False,19.5,False,False,Two year,59,True,False
True,False,DSL,Credit card (automatic),True,38.1,False,True,One year,25,False,False
False,False,DSL,Electronic check,True,61.25,False,False,One year,11,False,False
False,False,No,Bank transfer (automatic),False,19.9,False,False,Month-to-month,32,False,False
False,False,DSL,Bank transfer (automatic),False,70.1,False,True,Two year,58,False,False
False,False,Fiber optic,Credit card (automatic),True,85.3,True,True,Month-to-month,9,False,False
True,False,DSL,Credit card (automatic),True,82.0,True,True,One year,26,True,False
False,False,No,Bank transfer (automatic),False,18.75,False,False,Month-to-month,2,False,False
False,False,Fiber optic,Credit card (automatic),False,90.45,True,False,One year,63,False,False
True,False,No,Mailed check,True,24.8,False,False,Two year,40,True,False
False,False,No,Mailed check,False,19.5,False,False,One year,10,False,False
True,False,DSL,Bank transfer (automatic),True,65.15,False,False,Month-to-month,11,True,False
True,False,DSL,Mailed check,False,60.9,False,False,Month-to-month,28,False,False
False,False,DSL,Electronic check,True,48.25,True,True,Month-to-month,25,False,False
False,False,No,Mailed check,False,20.05,False,False,Month-to-month,18,False,False
True,False,DSL,Mailed check,False,65.5,False,False,One year,59,True,False
True,False,DSL,Electronic check,False,54.1,False,False,Month-to-month,25,False,False
False,False,Fiber optic,Electronic check,True,103.95,True,True,One year,61,False,False
False,True,Fiber optic,Bank transfer (automatic),False,80.7,False,False,Month-to-month,20,False,False
True,False,DSL,Mailed check,False,70.6,True,False,One year,46,False,False
True,True,Fiber optic,Credit card (automatic),True,96.35,False,True,Two year,71,False,False
True,False,DSL,Electronic check,False,60.35,False,False,Month-to-month,25,True,False
False,False,Fiber optic,Credit card (automatic),False,98.0,False,True,Two year,63,False,False
False,False,Fiber optic,Credit card (automatic),True,110.0,True,True,One year,65,False,False
True,False,Fiber optic,Electronic check,False,76.05,False,True,Two year,71,True,False
True,False,DSL,Bank transfer (automatic),False,63.8,True,False,Two year,47,True,False
True,False,DSL,Electronic check,False,90.4,True,True,Two year,71,True,False
True,False,DSL,Mailed check,True,87.2,True,True,One year,49,True,False
True,False,Fiber optic,Bank transfer (automatic),True,108.25,True,True,Month-to-month,53,True,False
False,False,No,Bank transfer (automatic),False,19.85,False,False,Two year,62,False,False
False,False,No,Electronic check,False,19.9,False,False,Month-to-month,2,False,False
True,False,Fiber optic,Bank transfer (automatic),True,113.45,True,True,One year,47,True,False
True,False,Fiber optic,Bank transfer (automatic),False,105.75,True,True,One year,40,False,False
False,False,No,Mailed check,False,20.5,False,False,Two year,19,True,False
True,True,Fiber optic,Bank transfer (automatic),True,100.4,True,False,Month-to-month,58,False,False
False,False,Fiber optic,Electronic check,False,90.65,False,False,Month-to-month,4,False,False
True,False,DSL,Mailed check,True,55.7,False,False,Month-to-month,5,True,False
True,False,No,Bank transfer (automatic),True,25.4,False,False,Month-to-month,25,True,False
True,False,DSL,Bank transfer (automatic),False,64.1,False,False,Two year,68,False,False
True,True,Fiber optic,Bank transfer (automatic),False,70.45,False,False,Month-to-month,13,False,False
True,True,Fiber optic,Electronic check,True,105.6,True,False,One year,67,False,False
True,False,DSL,Credit card (automatic),True,54.75,False,False,Month-to-month,27,True,False
True,True,Fiber optic,Electronic check,False,107.05,True,False,Month-to-month,20,False,False
False,False,Fiber optic,Credit card (automatic),True,104.05,True,True,One year,32,False,False
True,False,Fiber optic,Electronic check,False,100.85,True,True,Month-to-month,34,False,False
False,False,DSL,Bank transfer (automatic),False,68.8,False,True,One year,63,False,False
False,False,Fiber optic,Electronic check,False,80.55,False,True,Month-to-month,9,False,False
False,False,DSL,Credit card (automatic),False,55.2,False,True,One year,15,True,False
True,False,Fiber optic,Credit card (automatic),True,104.05,True,False,Two year,64,False,False
True,False,Fiber optic,Mailed check,False,118.6,True,True,Two year,68,False,False
True,False,Fiber optic,Mailed check,False,94.8,True,True,One year,32,True,False
True,False,DSL,Bank transfer (automatic),False,72.95,False,True,Two year,70,False,False
True,False,DSL,Mailed check,False,54.7,False,False,Month-to-month,4,False,False
True,False,No,Mailed check,True,19.55,False,False,Two year,29,False,False
True,False,DSL,Credit card (automatic),True,83.3,True,True,Two year,71,False,False
True,True,Fiber optic,Bank transfer (automatic),True,105.7,False,True,Month-to-month,30,False,False
True,True,Fiber optic,Bank transfer (automatic),True,84.95,False,False,One year,47,True,False
False,False,No,Mailed check,False,19.25,False,False,Two year,35,False,False
False,False,DSL,Credit card (automatic),True,35.2,False,True,One year,43,False,False
False,False,No,Bank transfer (automatic),False,20.6,False,False,One year,35,False,False
False,False,DSL,Electronic check,True,56.4,False,False,Month-to-month,4,False,False
False,False,No,Mailed check,False,20.75,False,False,Two year,24,False,False
False,False,Fiber optic,Credit card (automatic),True,94.1,True,True,One year,54,False,False
True,False,Fiber optic,Electronic check,True,97.85,True,True,Two year,72,False,False
True,True,Fiber optic,Credit card (automatic),True,109.4,True,True,Month-to-month,65,False,False
True,False,No,Credit card (automatic),False,25.1,False,False,Two year,36,True,False
False,False,DSL,Credit card (automatic),False,65.6,False,True,One year,15,True,False
False,False,DSL,Credit card (automatic),False,62.05,True,True,One year,40,False,False
True,False,No,Electronic check,False,20.85,False,False,One year,71,False,False
False,False,Fiber optic,Electronic check,True,109.9,True,True,Two year,72,False,False
True,False,No,Bank transfer (automatic),False,23.65,False,False,Two year,62,False,False
False,True,Fiber optic,Electronic check,True,73.55,False,False,Month-to-month,18,False,False
True,False,No,Mailed check,True,19.15,False,False,Two year,63,True,False
True,False,Fiber optic,Mailed check,False,86.8,False,True,One year,23,True,False
True,False,No,Bank transfer (automatic),False,20.05,False,False,Two year,72,False,False
False,False,DSL,Mailed check,True,29.8,False,True,Month-to-month,26,True,False
False,False,Fiber optic,Mailed check,False,84.25,False,False,Month-to-month,46,False,False
False,False,DSL,Credit card (automatic),True,53.4,True,True,Month-to-month,67,False,False
False,False,DSL,Bank transfer (automatic),True,49.85,True,False,Two year,31,False,False
True,True,Fiber optic,Credit card (automatic),True,100.5,True,True,One year,60,False,False
True,False,DSL,Electronic check,False,58.6,False,True,Two year,55,False,False
True,True,DSL,Credit card (automatic),True,29.8,False,True,One year,69,False,False
True,False,Fiber optic,Electronic check,True,93.15,False,True,One year,56,False,False
True,False,DSL,Mailed check,True,62.15,True,False,Month-to-month,2,False,False
False,False,No,Credit card (automatic),False,19.7,False,False,Two year,27,True,False
False,False,No,Mailed check,False,20.8,False,False,Month-to-month,1,False,False
True,False,Fiber optic,Credit card (automatic),True,110.1,True,True,Two year,63,False,False
False,False,No,Mailed check,False,20.25,False,False,Month-to-month,2,False,False
False,False,No,Electronic check,False,19.65,False,False,One year,13,False,False
True,False,Fiber optic,Credit card (automatic),False,69.95,False,False,Month-to-month,5,True,False
True,False,Fiber optic,Credit card (automatic),True,95.0,True,True,One year,45,True,False
False,True,Fiber optic,Electronic check,True,104.95,True,True,Month-to-month,50,False,False
False,False,Fiber optic,Bank transfer (automatic),True,78.55,False,False,Month-to-month,7,False,False
False,False,No,Mailed check,False,19.5,False,False,Month-to-month,1,False,False
False,False,Fiber optic,Credit card (automatic),False,81.7,False,False,One year,31,False,False
False,False,DSL,Electronic check,False,61.55,False,False,One year,26,False,False
True,False,Fiber optic,Bank transfer (automatic),True,74.25,False,False,One year,66,True,False
True,False,DSL,Bank transfer (automatic),False,63.9,False,False,One year,40,False,False
False,False,DSL,Credit card (automatic),False,36.0,False,False,One year,40,False,False
True,False,Fiber optic,Electronic check,True,90.25,True,False,Month-to-month,8,False,False
True,False,Fiber optic,Bank transfer (automatic),True,104.4,True,False,One year,64,True,False
True,False,DSL,Bank transfer (automatic),False,82.85,True,False,Two year,68,True,False
True,False,Fiber optic,Electronic check,True,82.65,False,True,Month-to-month,14,False,False
False,False,DSL,Electronic check,True,66.85,True,False,Month-to-month,7,False,False
True,False,No,Mailed check,False,20.05,False,False,Month-to-month,33,False,False
True,False,Fiber optic,Bank transfer (automatic),False,115.15,True,True,Two year,72,False,False
False,False,No,Mailed check,True,26.1,False,False,Two year,67,False,False
True,False,Fiber optic,Bank transfer (automatic),True,90.8,False,True,Month-to-month,16,True,False
False,False,Fiber optic,Credit card (automatic),True,106.75,True,True,Two year,71,False,False
True,False,No,Bank transfer (automatic),True,19.85,False,False,Two year,39,True,False
False,True,DSL,Bank transfer (automatic),False,83.0,False,True,One year,63,False,False
True,True,Fiber optic,Credit card (automatic),True,84.8,False,False,Two year,72,False,False
True,False,Fiber optic,Credit card (automatic),False,115.1,True,True,Two year,61,True,False
False,False,DSL,Mailed check,True,58.9,False,False,One year,47,False,False
True,False,No,Mailed check,False,20.85,False,False,Month-to-month,3,False,False
False,False,Fiber optic,Credit card (automatic),True,97.65,False,True,Two year,69,False,False
True,True,Fiber optic,Electronic check,True,108.9,True,True,Month-to-month,34,True,False
False,False,No,Bank transfer (automatic),True,19.6,False,False,One year,26,False,False
False,False,Fiber optic,Electronic check,True,84.6,True,False,Month-to-month,12,False,False
True,False,Fiber optic,Mailed check,True,79.65,False,True,Month-to-month,24,False,False
False,False,Fiber optic,Bank transfer (automatic),True,92.15,False,True,One year,66,False,False
False,False,DSL,Credit card (automatic),True,59.8,False,True,Month-to-month,14,True,False
True,True,Fiber optic,Credit card (automatic),True,105.85,True,True,Two year,65,False,False
True,False,No,Mailed check,False,19.75,False,False,Two year,47,True,False
False,True,DSL,Credit card (automatic),False,54.8,False,False,Month-to-month,24,False,False
False,False,No,Mailed check,False,19.85,False,False,Month-to-month,9,False,False
True,True,Fiber optic,Credit card (automatic),True,105.75,True,True,One year,72,False,False
False,False,DSL,Credit card (automatic),False,67.2,True,True,Two year,72,True,False
False,False,DSL,Mailed check,True,55.8,False,True,Month-to-month,5,False,False
False,False,Fiber optic,Bank transfer (automatic),True,99.15,True,False,Month-to-month,21,False,False
False,False,Fiber optic,Bank transfer (automatic),True,79.85,False,False,Month-to-month,54,False,False
True,False,DSL,Electronic check,True,59.55,True,True,Two year,67,True,False
False,False,No,Credit card (automatic),False,20.35,False,False,Two year,27,False,False
False,False,No,Bank transfer (automatic),False,20.15,False,False,One year,23,False,False
True,False,No,Mailed check,False,25.75,False,False,Two year,31,True,False
False,False,Fiber optic,Bank transfer (automatic),True,94.75,False,True,One year,54,False,False
True,False,No,Mailed check,False,18.95,False,False,Two year,32,True,False
True,True,No,Bank transfer (automatic),False,25.0,False,False,Two year,61,False,False
True,True,Fiber optic,Credit card (automatic),True,85.05,False,False,Month-to-month,16,False,False
False,False,No,Mailed check,False,20.65,False,False,Month-to-month,7,False,False
False,False,DSL,Bank transfer (automatic),True,75.1,False,True,Two year,72,False,False
False,True,Fiber optic,Electronic check,True,106.8,True,False,One year,50,False,False
False,False,Fiber optic,Electronic check,True,94.6,True,False,Month-to-month,24,False,False
True,False,No,Mailed check,False,25.7,False,False,One year,44,True,False
False,False,DSL,Electronic check,True,55.45,True,False,Month-to-month,1,False,False
True,False,No,Bank transfer (automatic),False,24.75,False,False,Two year,71,False,False
True,False,Fiber optic,Credit card (automatic),False,109.15,True,True,One year,72,False,False
False,False,DSL,Mailed check,True,44.3,False,False,Month-to-month,1,False,False
True,False,Fiber optic,Bank transfer (automatic),True,92.55,True,True,Month-to-month,43,True,False
True,False,DSL,Mailed check,True,55.05,False,False,Month-to-month,37,False,False
True,False,No,Mailed check,False,20.1,False,False,One year,10,False,False
False,False,Fiber optic,Bank transfer (automatic),True,97.0,True,False,One year,30,False,False
False,False,No,Credit card (automatic),False,25.7,False,False,Two year,33,False,False
False,False,DSL,Electronic check,False,59.3,True,False,One year,39,False,False
True,False,Fiber optic,Credit card (automatic),True,104.45,True,True,One year,72,True,False
True,False,Fiber optic,Bank transfer (automatic),False,110.3,True,False,Two year,64,True,False
False,False,Fiber optic,Electronic check,False,86.25,False,False,Month-to-month,9,False,False
True,False,Fiber optic,Electronic check,False,105.55,True,True,Two year,71,True,False
True,False,No,Credit card (automatic),False,20.0,False,False,Month-to-month,55,True,False
True,False,No,Credit card (automatic),False,25.8,False,False,Two year,68,False,False
True,False,DSL,Bank transfer (automatic),True,85.9,True,True,Two year,66,False,False
True,False,DSL,Electronic check,True,44.95,False,False,Month-to-month,21,True,False
False,False,Fiber optic,Mailed check,True,80.55,False,False,Month-to-month,16,False,False
False,False,No,Bank transfer (automatic),True,19.7,False,False,Month-to-month,8,False,False
False,False,DSL,Mailed check,True,56.05,False,True,One year,26,False,False
True,False,No,Mailed check,True,20.2,False,False,Two year,38,True,False
True,False,DSL,Bank transfer (automatic),False,44.8,False,False,Month-to-month,13,True,False
False,False,Fiber optic,Electronic check,True,95.25,True,True,Month-to-month,10,False,False
False,False,Fiber optic,Credit card (automatic),True,99.65,True,False,Two year,41,False,False
False,False,Fiber optic,Electronic check,True,84.5,True,False,Month-to-month,49,False,False
False,False,No,Bank transfer (automatic),True,19.25,False,False,One year,36,False,False
True,False,DSL,Electronic check,True,75.1,False,True,One year,66,True,False
False,True,Fiber optic,Electronic check,True,84.7,False,False,Month-to-month,5,False,False
True,False,No,Mailed check,False,20.75,False,False,Two year,58,False,False
True,False,No,Mailed check,True,24.3,False,False,Month-to-month,5,True,False
False,False,DSL,Mailed check,True,57.2,True,True,Month-to-month,4,True,False
True,False,Fiber optic,Mailed check,False,99.65,True,True,Two year,46,True,False
True,False,No,Mailed check,True,24.95,False,False,Two year,51,True,False
False,False,DSL,Mailed check,False,65.1,False,False,Month-to-month,40,False,False
True,False,DSL,Bank transfer (automatic),False,57.8,True,True,Two year,70,False,False
False,False,DSL,Electronic check,True,55.0,True,True,Month-to-month,14,False,False
False,False,DSL,Electronic check,True,67.25,False,False,Month-to-month,12,False,False
True,True,Fiber optic,Bank transfer (automatic),True,74.6,False,False,Month-to-month,3,False,False
False,False,No,Credit card (automatic),False,19.5,False,False,Two year,53,False,False
False,False,DSL,Mailed check,True,65.1,True,False,Two year,62,False,False
True,True,Fiber optic,Bank transfer (automatic),True,70.65,False,False,Month-to-month,48,False,False
True,False,DSL,Mailed check,False,63.55,False,True,Two year,63,True,False
True,False,Fiber optic,Mailed check,False,96.6,False,True,Two year,66,False,False
True,False,Fiber optic,Credit card (automatic),True,106.05,True,True,Two year,36,False,False
False,False,No,Electronic check,False,18.85,False,False,Month-to-month,1,False,False
True,False,No,Mailed check,False,25.6,False,False,Two year,19,True,False
True,False,Fiber optic,Bank transfer (automatic),True,106.0,True,True,One year,40,False,False
False,False,Fiber optic,Credit card (automatic),True,76.0,False,False,One year,22,False,False
False,False,DSL,Electronic check,False,67.45,False,True,One year,37,False,False
False,False,Fiber optic,Bank transfer (automatic),False,80.1,False,False,One year,33,False,False
False,False,Fiber optic,Mailed check,True,104.55,True,True,One year,21,False,False
False,False,No,Bank transfer (automatic),False,19.7,False,False,Two year,66,False,False
True,True,DSL,Bank transfer (automatic),True,60.95,False,False,One year,67,False,False
False,False,DSL,Electronic check,True,59.45,True,True,Month-to-month,52,False,False
True,False,No,Bank transfer (automatic),False,24.15,False,False,One year,60,False,False
False,False,DSL,Bank transfer (automatic),False,86.6,True,True,Two year,72,False,False
False,False,Fiber optic,Electronic check,True,95.3,True,False,Month-to-month,58,False,False
True,False,Fiber optic,Bank transfer (automatic),True,93.25,True,True,Month-to-month,71,False,False
False,False,No,Mailed check,True,19.8,False,False,Month-to-month,15,False,False
True,False,DSL,Credit card (automatic),False,93.2,True,True,Two year,71,False,False
False,False,DSL,Electronic check,False,89.65,True,True,Two year,61,False,False
False,False,No,Mailed check,False,24.75,False,False,Two year,51,False,False
True,True,DSL,Mailed check,False,60.7,True,True,One year,26,False,False
False,False,No,Mailed check,True,19.65,False,False,Month-to-month,2,False,False
False,False,No,Mailed check,False,19.9,False,False,Month-to-month,19,False,False
False,False,Fiber optic,Electronic check,False,95.5,False,True,Month-to-month,35,False,False
False,False,DSL,Credit card (automatic),True,50.35,True,True,Month-to-month,26,False,False
False,False,No,Mailed check,False,19.9,False,False,One year,7,False,False
True,False,Fiber optic,Electronic check,True,93.5,False,True,One year,51,False,False
False,False,DSL,Electronic check,False,40.75,True,False,Month-to-month,9,False,False
True,False,Fiber optic,Electronic check,True,83.75,False,False,Month-to-month,23,True,False
True,False,Fiber optic,Bank transfer (automatic),True,107.6,True,True,Two year,62,False,False
False,False,No,Mailed check,False,19.15,False,False,Month-to-month,1,False,False
False,False,Fiber optic,Bank transfer (automatic),False,101.35,False,True,One year,68,False,False
True,False,DSL,Electronic check,False,83.25,True,True,Month-to-month,18,True,False
False,False,Fiber optic,Electronic check,True,100.05,True,True,Month-to-month,37,False,False
False,False,Fiber optic,Bank transfer (automatic),True,88.9,False,False,One year,66,False,False
False,False,DSL,Credit card (automatic),False,64.5,False,True,One year,30,True,False
False,False,No,Credit card (automatic),True,19.55,False,False,Two year,65,False,False
True,False,DSL,Electronic check,False,29.1,False,True,Month-to-month,24,False,False
True,False,DSL,Electronic check,True,74.55,True,True,Month-to-month,40,True,False
True,False,No,Credit card (automatic),False,19.7,False,False,Two year,72,True,False
True,False,DSL,Credit card (automatic),False,33.15,False,False,One year,12,True,False
False,False,No,Mailed check,False,19.8,False,False,One year,15,False,False
False,False,Fiber optic,Mailed check,False,70.05,False,False,Month-to-month,9,False,False
False,False,DSL,Bank transfer (automatic),False,59.75,False,False,Two year,72,False,False
True,True,Fiber optic,Electronic check,True,98.85,True,True,Month-to-month,46,False,False
True,False,No,Bank transfer (automatic),False,25.15,False,False,Two year,70,False,False
False,True,Fiber optic,Credit card (automatic),True,102.85,True,True,One year,66,False,False
False,False,DSL,Bank transfer (automatic),True,55.7,False,True,Month-to-month,41,False,False
True,True,DSL,Bank transfer (automatic),True,89.85,True,True,Two year,72,False,False
False,False,Fiber optic,Credit card (automatic),True,74.6,False,False,Month-to-month,8,False,False
False,False,No,Credit card (automatic),False,19.6,False,False,Two year,68,False,False
True,False,DSL,Mailed check,False,88.1,True,True,Two year,61,True,False
True,False,No,Mailed check,False,19.35,False,False,Month-to-month,16,True,False
False,False,DSL,Bank transfer (automatic),False,59.65,False,True,Month-to-month,42,False,False
True,False,Fiber optic,Bank transfer (automatic),True,78.95,True,False,One year,34,True,False
True,False,DSL,Electronic check,True,64.75,True,False,One year,13,True,False
True,True,Fiber optic,Electronic check,True,104.45,True,True,Month-to-month,23,False,False
False,False,Fiber optic,Credit card (automatic),True,89.6,True,False,One year,40,False,False
True,False,Fiber optic,Credit card (automatic),True,116.4,True,True,Two year,72,True,False
True,True,Fiber optic,Credit card (automatic),True,82.95,False,True,One year,59,False,False
False,False,DSL,Electronic check,True,61.0,False,True,One year,54,True,False
False,False,DSL,Bank transfer (automatic),True,54.65,False,False,Month-to-month,33,False,False
False,False,DSL,Electronic check,False,56.75,False,True,Month-to-month,4,False,False
True,False,DSL,Bank transfer (automatic),False,79.85,True,True,Two year,66,True,False
True,False,Fiber optic,Credit card (automatic),True,105.1,False,True,One year,69,True,False
True,False,Fiber optic,Credit card (automatic),True,90.4,False,True,Month-to-month,49,True,False
False,False,Fiber optic,Bank transfer (automatic),True,94.0,True,False,One year,62,False,False
True,False,DSL,Mailed check,False,60.2,False,True,Month-to-month,10,True,False
True,True,DSL,Bank transfer (automatic),False,51.65,False,False,Month-to-month,55,False,False
True,False,No,Mailed check,False,20.0,False,False,Two year,42,True,False
True,False,DSL,Credit card (automatic),False,55.65,True,True,Two year,72,True,False
True,False,DSL,Electronic check,True,68.55,True,False,Month-to-month,8,True,False
True,False,No,Credit card (automatic),False,20.9,False,False,Two year,11,True,False
True,False,No,Bank transfer (automatic),True,24.45,False,False,One year,43,True,False
True,False,Fiber optic,Bank transfer (automatic),True,117.6,True,True,Two year,72,True,False
False,True,Fiber optic,Bank transfer (automatic),False,93.9,False,True,Month-to-month,18,False,False
True,False,No,Credit card (automatic),False,19.9,False,False,Two year,71,True,False
False,False,Fiber optic,Bank transfer (automatic),True,105.65,True,True,Two year,66,False,False
False,False,DSL,Credit card (automatic),True,44.45,True,False,Month-to-month,51,False,False
True,False,Fiber optic,Bank transfer (automatic),False,114.6,True,True,Two year,71,True,False
True,False,Fiber optic,Bank transfer (automatic),True,94.9,False,True,Two year,38,True,False
True,False,DSL,Electronic check,False,48.8,False,False,Month-to-month,7,True,False
False,False,No,Credit card (automatic),True,25.85,False,False,Two year,27,True,False
False,False,Fiber optic,Bank transfer (automatic),True,94.95,True,True,Month-to-month,22,False,False
False,False,No,Credit card (automatic),True,19.7,False,False,One year,19,False,False
False,False,DSL,Bank transfer (automatic),True,65.3,False,False,Two year,54,False,False
False,False,DSL,Mailed check,False,55.05,False,True,Month-to-month,1,False,False
True,False,DSL,Bank transfer (automatic),False,30.4,False,False,One year,34,True,False
False,False,Fiber optic,Electronic check,False,93.55,True,False,One year,65,False,False
True,False,No,Credit card (automatic),False,19.0,False,False,One year,49,False,False
False,False,Fiber optic,Credit card (automatic),False,87.55,True,False,One year,51,False,False
True,False,DSL,Credit card (automatic),False,84.7,True,True,Two year,72,True,False
False,False,No,Bank transfer (automatic),False,26.5,False,False,Two year,65,False,False
False,False,Fiber optic,Electronic check,True,73.1,False,False,Month-to-month,55,False,False
True,False,No,Bank transfer (automatic),False,19.4,False,False,Month-to-month,12,True,False
True,False,DSL,Credit card (automatic),False,81.25,False,True,Two year,56,True,False
False,False,DSL,Electronic check,False,55.8,False,True,One year,36,False,False
True,False,DSL,Credit card (automatic),False,89.7,True,True,Two year,72,True,False
False,False,Fiber optic,Electronic check,False,80.05,False,True,One year,37,False,False
False,False,No,Bank transfer (automatic),True,20.05,False,False,Two year,32,False,False
False,False,No,Credit card (automatic),True,20.35,False,False,One year,36,False,False
False,False,No,Electronic check,False,25.05,False,False,One year,42,False,False
True,False,DSL,Credit card (automatic),False,53.15,True,True,One year,35,False,False
False,False,Fiber optic,Electronic check,True,99.25,True,True,One year,35,False,False
False,False,DSL,Mailed check,False,49.9,False,False,Month-to-month,1,True,False
True,False,Fiber optic,Electronic check,True,108.4,True,True,Two year,72,False,False
False,False,DSL,Electronic check,True,31.2,False,False,Month-to-month,29,False,False
False,False,Fiber optic,Bank transfer (automatic),True,100.9,True,True,Two year,72,False,False
False,False,DSL,Credit card (automatic),True,52.1,False,False,Month-to-month,13,True,False
True,False,No,Mailed check,True,19.75,False,False,Two year,66,True,False
True,False,Fiber optic,Electronic check,True,74.6,False,True,Month-to-month,25,False,False
False,False,Fiber optic,Mailed check,True,70.15,False,False,Month-to-month,13,False,False
False,False,No,Mailed check,False,20.7,False,False,Month-to-month,6,False,False
False,False,No,Mailed check,False,20.15,False,False,Two year,41,False,False
False,False,Fiber optic,Credit card (automatic),True,84.75,False,True,Month-to-month,31,False,False
True,True,Fiber optic,Credit card (automatic),True,96.1,True,True,Month-to-month,62,True,False
True,False,DSL,Electronic check,False,40.3,False,True,One year,47,True,False
True,False,DSL,Credit card (automatic),True,79.1,True,True,Two year,71,False,False
False,False,DSL,Bank transfer (automatic),True,30.2,False,True,Month-to-month,49,False,False
False,False,Fiber optic,Credit card (automatic),True,90.1,False,True,One year,50,False,False
False,False,No,Bank transfer (automatic),True,25.95,False,False,Two year,56,False,False
False,False,No,Credit card (automatic),True,25.3,False,False,Two year,4,False,False
True,False,Fiber optic,Electronic check,True,70.35,False,False,Month-to-month,2,False,False
True,False,DSL,Bank transfer (automatic),True,49.85,True,True,Month-to-month,12,False,False
False,False,No,Credit card (automatic),False,19.75,False,False,Month-to-month,10,False,False
True,False,Fiber optic,Electronic check,True,103.2,True,True,Two year,56,True,False
False,False,DSL,Bank transfer (automatic),True,72.45,False,True,Month-to-month,31,False,False
False,False,No,Mailed check,False,19.7,False,False,One year,12,False,False
True,False,Fiber optic,Electronic check,True,88.8,False,False,Month-to-month,37,True,False
True,False,No,Mailed check,False,19.85,False,False,Month-to-month,6,True,False
True,False,Fiber optic,Bank transfer (automatic),True,108.3,True,True,Two year,72,True,False
False,True,Fiber optic,Bank transfer (automatic),True,89.6,True,True,Month-to-month,63,False,False
False,False,Fiber optic,Electronic check,False,74.0,False,False,Month-to-month,1,False,False
True,False,Fiber optic,Credit card (automatic),False,80.35,False,True,Two year,68,True,False
True,False,DSL,Mailed check,False,40.55,False,False,Two year,13,True,False
True,False,DSL,Bank transfer (automatic),True,61.05,False,False,One year,58,False,False
True,False,No,Mailed check,True,20.35,False,False,One year,50,True,False
False,False,No,Bank transfer (automatic),False,20.75,False,False,Month-to-month,35,False,False
True,False,DSL,Electronic check,True,51.1,False,False,Month-to-month,22,True,False
True,False,No,Mailed check,False,19.65,False,False,Two year,11,True,False
True,False,No,Mailed check,False,18.85,False,False,Month-to-month,4,True,False
True,False,Fiber optic,Bank transfer (automatic),True,101.6,True,True,One year,41,True,False
True,False,No,Mailed check,False,19.9,False,False,Month-to-month,22,True,False
True,False,DSL,Bank transfer (automatic),False,87.95,True,True,Two year,71,False,False
True,False,No,Bank transfer (automatic),True,20.1,False,False,One year,34,True,False
True,False,No,Bank transfer (automatic),True,25.0,False,False,Two year,13,True,False
False,False,DSL,Bank transfer (automatic),True,60.15,False,False,One year,42,False,False
False,False,No,Mailed check,True,19.1,False,False,Two year,69,False,False
False,True,Fiber optic,Credit card (automatic),True,85.8,False,False,Month-to-month,26,False,False
False,False,DSL,Electronic check,True,54.2,False,False,Month-to-month,32,False,False
True,False,DSL,Bank transfer (automatic),True,79.6,True,False,Two year,68,False,False
True,False,No,Bank transfer (automatic),True,25.05,False,False,Two year,52,True,False
True,False,DSL,Mailed check,True,55.3,False,False,Month-to-month,9,True,False
False,False,DSL,Mailed check,False,29.9,False,False,Month-to-month,1,False,False
True,False,DSL,Credit card (automatic),False,45.0,True,True,One year,48,True,False
True,False,Fiber optic,Electronic check,False,94.9,True,False,Month-to-month,3,False,False
False,False,Fiber optic,Electronic check,False,96.2,True,False,Month-to-month,7,False,False
True,False,No,Bank transfer (automatic),False,19.5,False,False,One year,41,True,False
True,False,No,Electronic check,True,25.75,False,False,Month-to-month,35,True,False
False,False,DSL,Mailed check,False,38.9,False,True,Two year,68,False,False
True,False,Fiber optic,Credit card (automatic),False,75.35,False,True,Month-to-month,1,False,False
True,False,No,Bank transfer (automatic),True,19.55,False,False,Month-to-month,28,True,False
True,False,DSL,Mailed check,True,76.45,False,True,Two year,59,True,False
True,False,DSL,Bank transfer (automatic),False,76.5,True,True,Month-to-month,15,True,False
True,False,DSL,Bank transfer (automatic),False,48.8,False,False,Month-to-month,14,False,False
False,False,DSL,Mailed check,False,65.55,True,False,Month-to-month,4,False,False
True,False,No,Bank transfer (automatic),False,19.65,False,False,Two year,47,False,False
False,False,Fiber optic,Bank transfer (automatic),True,109.55,True,True,One year,32,False,False
False,False,Fiber optic,Bank transfer (automatic),True,114.95,True,True,Two year,70,False,False
True,True,Fiber optic,Bank transfer (automatic),True,100.6,True,False,Month-to-month,33,False,False
True,False,DSL,Mailed check,True,61.35,False,False,Two year,60,False,False
True,False,No,Bank transfer (automatic),False,19.8,False,False,One year,12,False,False
True,True,Fiber optic,Credit card (automatic),False,105.35,True,True,Two year,70,False,False
True,True,DSL,Credit card (automatic),False,84.45,True,True,Two year,72,False,False
False,False,DSL,Electronic check,True,88.15,True,True,Two year,68,False,False
True,False,DSL,Mailed check,False,50.8,False,True,One year,28,True,False
False,False,Fiber optic,Electronic check,True,100.15,True,False,Month-to-month,15,False,False
False,False,No,Credit card (automatic),False,20.85,False,False,Two year,19,True,False
True,True,Fiber optic,Electronic check,True,75.55,False,False,Month-to-month,34,False,False
False,False,DSL,Bank transfer (automatic),True,64.4,False,True,One year,48,True,False
True,False,No,Bank transfer (automatic),False,20.1,False,False,Two year,72,True,False
False,False,DSL,Credit card (automatic),True,74.3,False,True,Two year,57,False,False
True,False,No,Credit card (automatic),False,20.7,False,False,One year,30,False,False
True,False,DSL,Bank transfer (automatic),True,70.75,False,True,One year,62,True,False
True,False,No,Credit card (automatic),True,20.8,False,False,One year,24,True,False
False,False,No,Credit card (automatic),False,19.7,False,False,Month-to-month,9,False,False
True,False,Fiber optic,Electronic check,True,104.3,True,True,One year,62,False,False
False,False,No,Electronic check,False,19.55,False,False,Month-to-month,3,False,False
False,False,No,Mailed check,False,20.05,False,False,Month-to-month,1,False,False
False,False,Fiber optic,Credit card (automatic),True,80.0,False,False,Month-to-month,13,False,False
True,False,DSL,Bank transfer (automatic),False,69.85,False,True,Two year,72,True,False
True,False,Fiber optic,Electronic check,False,101.75,True,True,Month-to-month,15,False,False
True,False,DSL,Electronic check,True,92.4,True,True,Two year,72,False,False
False,True,Fiber optic,Electronic check,False,104.75,True,True,Month-to-month,56,False,False
True,False,No,Credit card (automatic),False,19.65,False,False,Two year,26,True,False
False,False,DSL,Electronic check,False,61.05,True,True,One year,25,False,False
False,False,Fiber optic,Mailed check,False,71.1,False,False,Month-to-month,1,False,False
True,False,No,Mailed check,False,19.6,False,False,Two year,71,False,False
False,False,Fiber optic,Credit card (automatic),True,74.8,False,True,Month-to-month,46,False,False
True,False,DSL,Bank transfer (automatic),False,74.1,True,True,One year,53,False,False
False,True,DSL,Mailed check,True,45.75,False,False,Month-to-month,7,True,False
True,False,No,Bank transfer (automatic),False,21.0,False,False,Two year,72,True,False
True,True,DSL,Electronic check,False,76.25,False,True,One year,55,True,False
True,False,DSL,Credit card (automatic),True,59.05,False,False,Month-to-month,31,False,False
False,False,DSL,Bank transfer (automatic),True,39.9,True,True,Month-to-month,68,False,False
True,False,DSL,Bank transfer (automatic),False,51.0,True,True,One year,45,True,False
True,False,No,Mailed check,True,19.0,False,False,Month-to-month,1,True,False
False,False,DSL,Credit card (automatic),False,49.0,False,False,Month-to-month,1,False,False
False,False,No,Credit card (automatic),False,20.7,False,False,Two year,39,False,False
False,False,DSL,Mailed check,True,50.15,False,False,Month-to-month,44,False,False
True,False,DSL,Electronic check,False,50.35,False,False,Month-to-month,6,False,False
True,False,DSL,Bank transfer (automatic),True,79.35,True,False,Two year,72,False,False
False,True,DSL,Bank transfer (automatic),True,75.5,False,True,Two year,70,False,False
True,False,No,Mailed check,True,19.4,False,False,Month-to-month,1,True,False
True,False,DSL,Bank transfer (automatic),False,64.45,True,True,Two year,72,True,False
True,False,Fiber optic,Electronic check,True,91.15,True,False,One year,53,False,False
False,False,No,Credit card (automatic),False,19.5,False,False,Two year,63,True,False
True,False,No,Bank transfer (automatic),True,20.2,False,False,One year,46,True,False
True,False,DSL,Electronic check,False,45.55,False,False,Month-to-month,46,False,False
True,False,No,Mailed check,True,24.9,False,False,Two year,67,True,False
True,False,DSL,Bank transfer (automatic),True,84.2,True,True,Two year,72,True,False
True,False,DSL,Credit card (automatic),True,55.45,True,True,Two year,72,True,False
True,False,Fiber optic,Credit card (automatic),True,103.2,True,True,One year,72,True,False
False,True,Fiber optic,Electronic check,True,101.3,True,False,Month-to-month,30,True,False
True,False,DSL,Electronic check,True,44.85,False,True,Month-to-month,34,True,False
True,False,Fiber optic,Bank transfer (automatic),True,98.2,False,True,Two year,72,False,False
False,False,No,Mailed check,False,20.25,False,False,One year,3,False,False
True,True,Fiber optic,Credit card (automatic),True,91.05,True,True,Month-to-month,48,False,False
True,False,DSL,Electronic check,True,49.2,False,False,Month-to-month,12,True,False
False,False,Fiber optic,Electronic check,True,94.1,True,False,Month-to-month,24,False,False
False,False,DSL,Electronic check,True,80.65,True,True,Two year,68,False,False
False,False,DSL,Mailed check,True,50.7,False,False,Month-to-month,1,False,False
False,True,Fiber optic,Bank transfer (automatic),True,107.4,True,True,Two year,72,False,False
False,False,DSL,Electronic check,False,64.8,True,False,Month-to-month,18,True,False
False,False,Fiber optic,Electronic check,True,91.0,False,False,Month-to-month,15,True,False
True,False,No,Mailed check,True,19.5,False,False,One year,15,True,False
True,False,Fiber optic,Bank transfer (automatic),True,100.55,True,False,Two year,72,False,False
False,False,No,Credit card (automatic),False,20.4,False,False,Two year,44,False,False
True,False,No,Mailed check,True,26.8,False,False,One year,25,False,False
True,False,DSL,Bank transfer (automatic),False,80.2,False,True,Two year,72,True,False
True,True,Fiber optic,Electronic check,True,116.25,True,True,One year,66,True,False
False,True,DSL,Electronic check,True,39.85,False,True,Month-to-month,35,False,False
False,False,No,Bank transfer (automatic),True,19.65,False,False,Two year,43,False,False
False,True,Fiber optic,Credit card (automatic),True,100.15,True,False,Month-to-month,8,False,False
False,False,Fiber optic,Electronic check,True,105.45,True,True,Two year,26,True,False
True,True,Fiber optic,Bank transfer (automatic),True,110.0,True,True,Two year,60,False,False
True,False,DSL,Credit card (automatic),True,66.5,False,True,Two year,72,True,False
True,False,Fiber optic,Credit card (automatic),False,114.3,True,True,Two year,70,False,False
False,False,DSL,Mailed check,False,49.25,False,False,Month-to-month,2,False,False
True,False,DSL,Credit card (automatic),False,73.7,False,False,One year,69,True,False
True,False,No,Bank transfer (automatic),False,26.3,False,False,Two year,48,True,False
False,False,Fiber optic,Bank transfer (automatic),True,95.9,True,False,Month-to-month,9,False,False
True,False,Fiber optic,Bank transfer (automatic),True,113.15,True,True,One year,71,False,False
True,False,DSL,Credit card (automatic),False,29.3,False,False,Month-to-month,43,True,False
False,False,DSL,Mailed check,False,29.65,False,False,Month-to-month,3,True,False
True,False,DSL,Bank transfer (automatic),False,54.5,False,False,Two year,71,False,False
False,False,DSL,Bank transfer (automatic),False,56.75,True,True,Two year,22,False,False
True,False,DSL,Mailed check,True,70.15,True,False,One year,64,False,False
False,False,DSL,Mailed check,False,64.9,True,False,One year,10,False,False
False,False,No,Bank transfer (automatic),True,19.25,False,False,Month-to-month,1,False,False
True,False,No,Mailed check,False,19.65,False,False,One year,1,True,False
True,False,No,Credit card (automatic),False,19.95,False,False,Two year,46,True,False
True,False,No,Mailed check,False,20.7,False,False,Two year,42,True,False
False,False,DSL,Credit card (automatic),True,55.5,False,False,Month-to-month,14,False,False
True,False,No,Bank transfer (automatic),False,19.35,False,False,Two year,55,True,False
True,False,DSL,Mailed check,True,81.15,True,True,One year,31,True,False
False,False,No,Mailed check,False,26.25,False,False,Two year,22,False,False
True,False,DSL,Bank transfer (automatic),True,75.9,True,False,One year,21,True,False
True,False,DSL,Bank transfer (automatic),True,69.15,False,True,Month-to-month,3,True,False
True,False,DSL,Bank transfer (automatic),False,54.65,False,False,Two year,45,True,False
False,False,No,Credit card (automatic),True,25.8,False,False,Two year,62,False,False
True,True,Fiber optic,Electronic check,True,98.9,True,False,Month-to-month,58,False,False
True,False,No,Credit card (automatic),False,19.45,False,False,Two year,64,False,False
False,False,DSL,Mailed check,True,49.7,False,True,Month-to-month,24,False,False
False,False,No,Credit card (automatic),False,21.1,False,False,Month-to-month,17,False,False
True,False,DSL,Bank transfer (automatic),False,80.85,True,True,Two year,72,True,False
False,True,Fiber optic,Electronic check,True,89.75,False,True,Month-to-month,59,False,False
True,True,Fiber optic,Credit card (automatic),False,108.5,True,True,Two year,63,False,False
True,False,Fiber optic,Bank transfer (automatic),False,90.45,False,True,Two year,72,True,False
True,False,DSL,Credit card (automatic),True,74.55,False,True,Month-to-month,41,True,False
True,True,No,Bank transfer (automatic),False,19.5,False,False,One year,68,True,False
True,False,Fiber optic,Electronic check,False,90.35,False,False,Month-to-month,2,False,False
False,False,DSL,Bank transfer (automatic),True,66.15,False,False,Two year,49,False,False
True,False,DSL,Bank transfer (automatic),False,61.75,False,True,Month-to-month,49,True,False
True,True,Fiber optic,Bank transfer (automatic),True,105.55,True,False,One year,70,False,False
False,False,No,Bank transfer (automatic),True,24.15,False,False,Two year,68,False,False
True,False,DSL,Mailed check,True,52.5,True,True,Two year,24,True,False
False,False,Fiber optic,Electronic check,True,74.15,False,False,Month-to-month,18,False,False
True,False,DSL,Bank transfer (automatic),True,69.9,True,True,Two year,67,True,False
False,False,Fiber optic,Electronic check,False,100.2,True,False,Month-to-month,2,False,False
True,False,DSL,Mailed check,False,48.9,False,True,Two year,72,True,False
False,False,DSL,Credit card (automatic),True,78.9,False,True,Month-to-month,37,False,False
True,False,No,Credit card (automatic),False,19.8,False,False,One year,37,True,False
True,False,DSL,Bank transfer (automatic),False,56.25,False,False,Month-to-month,44,True,False
False,False,No,Mailed check,True,20.1,False,False,One year,17,False,False
False,False,DSL,Credit card (automatic),False,39.7,False,True,Two year,50,False,False
True,False,Fiber optic,Bank transfer (automatic),True,89.85,True,False,Month-to-month,35,False,False
False,False,Fiber optic,Electronic check,True,111.15,True,True,Two year,41,True,False
False,False,DSL,Credit card (automatic),False,35.8,False,False,Two year,37,False,False
False,False,Fiber optic,Electronic check,False,95.8,True,True,Two year,59,False,False
False,False,No,Bank transfer (automatic),False,20.2,False,False,Month-to-month,3,True,False
False,False,No,Credit card (automatic),True,19.9,False,False,Month-to-month,2,False,False
True,False,No,Bank transfer (automatic),False,24.45,False,False,Two year,69,True,False
True,False,No,Mailed check,False,20.65,False,False,One year,7,True,False
True,False,DSL,Credit card (automatic),False,71.4,True,True,One year,62,True,False
True,False,No,Mailed check,False,19.95,False,False,Two year,60,False,False
True,False,DSL,Electronic check,True,79.8,True,True,One year,61,False,False
True,True,Fiber optic,Electronic check,True,102.6,True,True,Month-to-month,38,False,False
False,True,Fiber optic,Credit card (automatic),False,101.55,True,False,Month-to-month,49,False,False
False,False,DSL,Bank transfer (automatic),False,60.15,True,True,One year,51,True,False
True,False,Fiber optic,Mailed check,True,100.85,True,False,Month-to-month,49,False,False
False,False,Fiber optic,Mailed check,True,80.1,False,False,Month-to-month,5,False,False
True,False,Fiber optic,Credit card (automatic),True,80.3,False,True,Month-to-month,63,True,False
False,False,No,Credit card (automatic),True,20.65,False,False,One year,26,False,False
True,True,DSL,Bank transfer (automatic),False,36.1,False,False,One year,63,False,False
False,False,DSL,Electronic check,True,66.1,True,False,Month-to-month,29,False,False
False,False,Fiber optic,Bank transfer (automatic),True,110.5,True,True,Two year,69,False,False
False,False,Fiber optic,Electronic check,True,104.95,True,True,One year,72,False,False
False,False,Fiber optic,Electronic check,False,70.1,False,False,Month-to-month,1,False,False
False,False,Fiber optic,Electronic check,True,103.65,True,True,Month-to-month,38,False,False
False,False,DSL,Electronic check,False,44.45,False,False,Month-to-month,2,False,False
True,True,Fiber optic,Electronic check,True,91.55,True,True,Month-to-month,16,False,False
True,False,No,Bank transfer (automatic),True,19.55,False,False,Month-to-month,8,False,False
True,False,Fiber optic,Credit card (automatic),True,104.1,True,True,One year,71,False,False
True,False,DSL,Credit card (automatic),True,85.45,True,True,Two year,72,False,False
True,False,Fiber optic,Credit card (automatic),False,99.25,True,False,One year,58,True,False
True,False,DSL,Credit card (automatic),False,68.95,False,True,Two year,70,True,False
True,False,DSL,Electronic check,True,35.15,False,False,Month-to-month,32,True,False
True,False,DSL,Electronic check,False,54.5,False,False,Month-to-month,38,True,False
True,False,No,Bank transfer (automatic),False,24.25,False,False,Two year,69,False,False
True,False,Fiber optic,Credit card (automatic),False,99.7,True,True,Two year,63,False,False
True,False,No,Mailed check,False,20.5,False,False,Month-to-month,28,False,False
False,False,No,Credit card (automatic),True,24.1,False,False,Month-to-month,19,True,False
False,False,DSL,Mailed check,False,78.2,True,True,One year,27,False,False
False,False,DSL,Credit card (automatic),True,49.3,False,True,Month-to-month,24,False,False
True,True,Fiber optic,Electronic check,True,109.1,True,True,Month-to-month,52,False,False
False,False,Fiber optic,Mailed check,True,79.15,False,False,Month-to-month,1,False,False
True,True,DSL,Electronic check,True,30.75,False,False,Month-to-month,3,False,False
True,False,Fiber optic,Credit card (automatic),True,87.8,True,False,Month-to-month,29,True,False
False,True,Fiber optic,Electronic check,True,104.4,True,True,Month-to-month,41,False,False
True,False,DSL,Mailed check,True,66.7,False,True,Month-to-month,17,True,False
True,False,No,Bank transfer (automatic),False,19.85,False,False,Month-to-month,2,False,False
False,False,Fiber optic,Credit card (automatic),True,93.5,True,False,Month-to-month,50,False,False
False,True,Fiber optic,Electronic check,True,74.1,False,False,Month-to-month,6,False,False
False,False,No,Mailed check,True,20.3,False,False,Month-to-month,13,False,False
False,False,DSL,Credit card (automatic),True,61.2,True,False,Month-to-month,2,True,False
True,True,Fiber optic,Electronic check,True,85.9,False,True,One year,27,False,False
False,False,No,Mailed check,False,20.25,False,False,Month-to-month,1,False,False
True,False,DSL,Credit card (automatic),True,75.5,True,True,One year,31,False,False
True,True,Fiber optic,Electronic check,True,105.9,True,True,Month-to-month,60,False,False
False,False,No,Mailed check,False,19.6,False,False,Two year,21,False,False
True,False,No,Credit card (automatic),False,19.3,False,False,Two year,72,False,False
True,False,Fiber optic,Credit card (automatic),False,109.9,True,True,One year,67,False,False
True,False,No,Mailed check,False,19.35,False,False,One year,17,False,False
False,False,No,Mailed check,False,20.0,False,False,Month-to-month,3,False,False
False,False,No,Credit card (automatic),False,20.55,False,False,Month-to-month,5,False,False
False,False,DSL,Mailed check,True,69.9,False,False,Month-to-month,54,False,False
False,False,Fiber optic,Bank transfer (automatic),True,84.8,False,True,Month-to-month,46,True,False
False,False,DSL,Mailed check,False,65.05,False,True,Month-to-month,22,False,False
False,False,Fiber optic,Electronic check,True,103.1,True,True,One year,47,False,False
True,False,No,Bank transfer (automatic),True,19.45,False,False,One year,33,True,False
False,True,Fiber optic,Electronic check,True,94.75,True,True,Month-to-month,4,False,False
False,False,Fiber optic,Mailed check,True,115.1,True,True,One year,61,False,False
False,False,No,Credit card (automatic),True,20.45,False,False,Month-to-month,11,False,False
False,False,DSL,Mailed check,False,56.1,False,False,One year,17,False,False
True,False,Fiber optic,Electronic check,True,99.4,True,False,Two year,72,False,False
False,False,DSL,Electronic check,False,59.45,False,True,Month-to-month,27,False,False
False,False,Fiber optic,Electronic check,True,69.55,False,False,Month-to-month,7,False,False
False,False,DSL,Electronic check,True,50.05,True,True,One year,31,False,False
True,False,DSL,Mailed check,False,84.75,True,True,Two year,34,True,False
True,False,DSL,Mailed check,True,54.75,False,True,Month-to-month,8,False,False
False,False,Fiber optic,Credit card (automatic),True,89.45,True,True,Two year,52,False,False
True,False,DSL,Mailed check,False,65.85,False,True,Two year,66,True,False
True,False,Fiber optic,Bank transfer (automatic),True,105.15,True,True,Two year,71,False,False
False,False,DSL,Electronic check,False,51.2,False,False,Month-to-month,10,False,False
False,True,DSL,Electronic check,True,54.6,True,True,Month-to-month,33,False,False
True,True,DSL,Electronic check,False,64.2,False,False,Month-to-month,7,False,False
False,False,Fiber optic,Credit card (automatic),False,75.45,False,False,Month-to-month,47,False,False
True,False,Fiber optic,Mailed check,False,115.85,True,True,Two year,56,True,False
True,True,Fiber optic,Electronic check,False,99.0,True,False,One year,61,True,False
True,False,DSL,Bank transfer (automatic),False,92.0,True,True,Two year,72,False,False
False,False,DSL,Electronic check,True,71.95,True,False,Month-to-month,13,False,False
False,False,No,Mailed check,False,19.6,False,False,Two year,21,True,False
True,False,Fiber optic,Electronic check,False,91.25,True,False,Month-to-month,33,False,False
True,False,DSL,Mailed check,False,53.6,False,False,Month-to-month,24,False,False
False,False,DSL,Credit card (automatic),True,54.5,False,False,Month-to-month,10,False,False
True,False,DSL,Mailed check,True,69.1,True,False,One year,59,False,False
False,False,DSL,Bank transfer (automatic),True,48.65,False,False,Month-to-month,5,True,False
True,False,No,Mailed check,False,19.4,False,False,Two year,69,True,False
False,False,DSL,Electronic check,False,65.4,False,False,One year,44,False,False
False,False,DSL,Electronic check,False,57.55,False,True,Month-to-month,3,False,False
True,False,DSL,Credit card (automatic),True,44.55,False,False,Month-to-month,33,False,False
True,True,Fiber optic,Electronic check,True,70.55,False,False,Month-to-month,27,False,False
False,False,DSL,Mailed check,False,44.6,False,False,One year,17,True,False
True,False,DSL,Credit card (automatic),False,64.05,False,True,Two year,71,True,False
True,False,No,Mailed check,False,19.6,False,False,Month-to-month,44,True,False
True,False,Fiber optic,Mailed check,True,100.05,True,False,Two year,59,False,False
False,False,DSL,Credit card (automatic),True,50.95,True,False,Month-to-month,5,False,False
False,False,No,Electronic check,True,19.85,False,False,Month-to-month,4,False,False
True,False,No,Electronic check,True,20.4,False,False,One year,52,True,False
True,True,Fiber optic,Electronic check,False,99.7,True,True,Month-to-month,47,False,False
True,False,DSL,Bank transfer (automatic),True,54.9,False,False,Month-to-month,44,True,False
False,False,Fiber optic,Bank transfer (automatic),True,104.8,True,True,One year,36,False,False
True,False,Fiber optic,Electronic check,True,98.7,True,True,Month-to-month,56,False,False
False,True,Fiber optic,Electronic check,False,85.2,True,False,Month-to-month,8,False,False
True,True,No,Credit card (automatic),False,25.45,False,False,Two year,71,False,False
False,True,Fiber optic,Mailed check,True,70.6,False,False,Month-to-month,1,False,False
False,False,DSL,Credit card (automatic),False,59.1,True,False,One year,14,False,False
True,False,Fiber optic,Electronic check,True,99.8,True,False,Month-to-month,60,False,False
False,False,No,Credit card (automatic),False,19.65,False,False,Two year,54,False,False
False,False,Fiber optic,Electronic check,True,86.25,True,False,Month-to-month,16,False,False
False,False,No,Mailed check,False,20.35,False,False,Month-to-month,5,False,False
False,False,DSL,Mailed check,True,50.25,False,True,One year,40,False,False
True,False,DSL,Electronic check,False,67.6,False,True,Month-to-month,30,True,False
True,False,Fiber optic,Bank transfer (automatic),True,97.7,True,False,Month-to-month,34,True,False
True,False,DSL,Electronic check,True,76.2,False,False,Month-to-month,13,False,False
True,False,No,Bank transfer (automatic),False,23.75,False,False,Two year,72,True,False
True,False,Fiber optic,Electronic check,True,97.65,True,True,One year,70,False,False
False,False,DSL,Electronic check,True,44.8,False,False,Month-to-month,48,False,False
True,False,DSL,Credit card (automatic),True,74.8,True,True,Two year,70,False,False
True,False,DSL,Credit card (automatic),False,50.2,False,True,Month-to-month,14,False,False
False,True,Fiber optic,Electronic check,True,78.5,True,False,Month-to-month,11,False,False
True,False,Fiber optic,Bank transfer (automatic),False,105.6,True,True,Two year,72,False,False
True,False,No,Mailed check,False,20.1,False,False,One year,5,True,False
True,False,No,Bank transfer (automatic),False,19.95,False,False,Two year,68,True,False
True,False,Fiber optic,Bank transfer (automatic),False,103.2,True,True,Two year,56,False,False
True,False,No,Credit card (automatic),False,20.65,False,False,Two year,62,True,False
False,False,DSL,Bank transfer (automatic),True,34.85,False,False,Month-to-month,36,False,False
False,False,No,Mailed check,False,20.1,False,False,One year,38,False,False
True,False,DSL,Credit card (automatic),False,59.5,False,True,Two year,56,False,False
False,False,No,Mailed check,False,19.9,False,False,One year,39,False,False
True,False,Fiber optic,Bank transfer (automatic),True,106.3,True,True,Two year,72,False,False
False,False,No,Mailed check,True,20.65,False,False,One year,42,False,False
True,True,Fiber optic,Mailed check,True,98.3,False,True,One year,61,False,False
False,True,DSL,Bank transfer (automatic),False,69.85,False,True,Two year,57,False,False
True,False,DSL,Electronic check,True,47.05,True,True,Two year,71,False,False
False,False,No,Credit card (automatic),False,20.15,False,False,One year,50,False,False
False,False,DSL,Electronic check,True,49.9,False,False,Month-to-month,1,False,False
False,False,Fiber optic,Electronic check,True,76.6,False,False,Month-to-month,12,True,False
True,True,Fiber optic,Electronic check,False,94.4,True,True,Month-to-month,65,False,False
True,False,Fiber optic,Mailed check,False,107.45,True,True,Two year,72,True,False
True,False,DSL,Bank transfer (automatic),True,76.4,True,False,One year,51,True,False
True,False,Fiber optic,Credit card (automatic),False,89.9,True,True,Month-to-month,28,False,False
True,False,No,Electronic check,True,19.75,False,False,Two year,41,False,False
False,False,No,Mailed check,False,19.8,False,False,Two year,37,False,False
True,False,No,Bank transfer (automatic),True,26.0,False,False,Two year,70,False,False
False,False,DSL,Mailed check,False,45.45,False,False,Month-to-month,3,False,False
False,False,Fiber optic,Credit card (automatic),True,79.0,False,True,Month-to-month,33,False,False
True,True,Fiber optic,Bank transfer (automatic),False,88.4,True,True,Month-to-month,25,False,False
False,False,Fiber optic,Bank transfer (automatic),True,105.2,True,False,One year,69,False,False
True,False,DSL,Mailed check,False,65.8,False,False,One year,64,True,False
True,False,No,Bank transfer (automatic),True,25.4,False,False,Two year,12,True,False
True,False,Fiber optic,Bank transfer (automatic),True,108.75,True,True,One year,69,True,False
False,False,No,Mailed check,False,20.05,False,False,Month-to-month,1,True,False
True,False,Fiber optic,Electronic check,True,94.75,True,False,Month-to-month,18,False,False
True,False,Fiber optic,Electronic check,True,103.45,True,True,Month-to-month,15,False,False
True,False,DSL,Bank transfer (automatic),False,42.1,False,True,Two year,72,False,False
False,False,DSL,Electronic check,True,60.0,False,False,Month-to-month,8,False,False
True,False,No,Mailed check,False,20.25,False,False,Month-to-month,8,False,False
True,False,No,Mailed check,False,19.35,False,False,Two year,18,True,False
True,False,DSL,Bank transfer (automatic),True,60.4,False,True,Two year,67,True,False
False,False,DSL,Mailed check,True,79.6,True,False,Two year,50,False,False
False,False,No,Bank transfer (automatic),False,24.6,False,False,One year,24,False,False
False,False,Fiber optic,Electronic check,False,70.2,False,False,Month-to-month,11,False,False
False,False,DSL,Credit card (automatic),True,30.1,False,False,Month-to-month,28,False,False
True,True,Fiber optic,Bank transfer (automatic),False,85.35,False,False,Month-to-month,22,True,False
True,False,No,Bank transfer (automatic),True,20.2,False,False,One year,25,False,False
True,False,Fiber optic,Electronic check,False,89.55,False,False,One year,67,True,False
True,False,Fiber optic,Bank transfer (automatic),True,89.65,False,False,Month-to-month,35,True,False
False,False,Fiber optic,Electronic check,False,72.9,False,True,Month-to-month,11,False,False
False,False,No,Mailed check,True,19.25,False,False,One year,22,False,False
False,False,DSL,Electronic check,True,45.9,False,False,Month-to-month,4,False,False
False,False,No,Mailed check,False,20.85,False,False,Two year,8,False,False
True,False,DSL,Credit card (automatic),True,69.2,True,False,Two year,67,False,False
False,False,DSL,Electronic check,True,44.95,True,False,Month-to-month,23,False,False
False,False,No,Mailed check,True,20.4,False,False,Two year,13,False,False
True,False,Fiber optic,Electronic check,False,79.2,False,True,One year,21,False,False
False,False,DSL,Mailed check,True,36.0,False,False,Month-to-month,21,False,False
True,False,No,Bank transfer (automatic),True,24.05,False,False,Two year,54,True,False
False,False,DSL,Credit card (automatic),True,34.8,False,False,Month-to-month,3,False,False
False,True,DSL,Electronic check,True,55.0,True,True,Month-to-month,57,False,False
True,False,DSL,Credit card (automatic),True,45.85,True,True,One year,27,True,False
False,False,DSL,Mailed check,False,44.55,False,False,Month-to-month,4,False,False
True,False,Fiber optic,Credit card (automatic),True,99.0,True,True,Two year,42,False,False
True,False,DSL,Credit card (automatic),False,70.9,False,True,Two year,67,False,False
False,False,No,Mailed check,False,20.35,False,False,Month-to-month,34,False,False
False,False,No,Bank transfer (automatic),False,26.2,False,False,One year,35,False,False
False,False,No,Electronic check,True,20.25,False,False,Month-to-month,3,False,False
False,False,Fiber optic,Electronic check,False,75.15,False,False,One year,48,False,False
True,True,Fiber optic,Electronic check,True,69.3,False,False,Month-to-month,2,False,False
True,False,No,Mailed check,False,20.55,False,False,Two year,50,False,False
False,False,DSL,Bank transfer (automatic),True,35.75,False,True,One year,69,False,False
True,True,DSL,Credit card (automatic),False,90.05,True,True,Two year,70,False,False
True,False,DSL,Mailed check,True,69.5,True,True,Month-to-month,15,True,False
False,False,No,Bank transfer (automatic),False,24.7,False,False,Month-to-month,19,False,False
True,False,Fiber optic,Electronic check,False,97.1,True,False,One year,42,True,False
False,False,DSL,Electronic check,True,78.5,True,False,Month-to-month,7,False,False
True,False,Fiber optic,Bank transfer (automatic),False,101.15,True,False,One year,61,False,False
False,False,Fiber optic,Mailed check,True,75.9,False,False,Month-to-month,11,False,False
False,False,Fiber optic,Electronic check,True,78.95,False,False,Month-to-month,6,False,False
False,True,Fiber optic,Electronic check,False,110.5,True,True,One year,56,False,False
True,False,DSL,Mailed check,True,61.5,False,True,One year,44,False,False
False,False,No,Bank transfer (automatic),False,21.05,False,False,One year,24,True,False
True,False,DSL,Mailed check,False,50.85,False,False,Month-to-month,9,False,False
False,False,DSL,Bank transfer (automatic),False,87.1,True,True,Two year,54,False,False
False,False,Fiber optic,Electronic check,True,85.95,False,True,Month-to-month,24,False,False
False,False,DSL,Mailed check,True,48.8,False,False,Month-to-month,15,False,False
True,False,DSL,Electronic check,False,53.45,False,False,One year,57,True,False
True,False,DSL,Credit card (automatic),True,65.2,True,True,Two year,72,True,False
False,False,DSL,Mailed check,True,49.45,False,False,Month-to-month,16,False,False
False,False,DSL,Credit card (automatic),True,50.2,False,False,Month-to-month,2,False,False
True,False,Fiber optic,Electronic check,True,75.4,False,False,Month-to-month,16,False,False
False,False,DSL,Mailed check,False,74.05,True,False,Two year,47,False,False
True,False,Fiber optic,Bank transfer (automatic),True,118.75,True,True,Two year,72,True,False
False,True,Fiber optic,Bank transfer (automatic),True,89.85,True,True,One year,49,False,False
True,False,Fiber optic,Bank transfer (automatic),False,99.15,True,False,Two year,69,False,False
True,True,Fiber optic,Bank transfer (automatic),True,109.55,True,True,Two year,72,False,False
False,False,Fiber optic,Bank transfer (automatic),True,95.6,True,False,Month-to-month,27,False,False
True,False,DSL,Credit card (automatic),True,39.45,False,False,Month-to-month,50,True,False
False,False,DSL,Bank transfer (automatic),True,46.3,True,False,Month-to-month,53,False,False
True,False,No,Bank transfer (automatic),False,19.55,False,False,One year,53,True,False
False,False,No,Credit card (automatic),False,26.05,False,False,One year,70,False,False
False,True,Fiber optic,Electronic check,False,78.85,False,False,Month-to-month,14,False,False
True,False,Fiber optic,Electronic check,True,88.85,True,False,Month-to-month,10,True,False
True,False,No,Mailed check,False,20.2,False,False,Month-to-month,19,True,False
True,False,DSL,Electronic check,True,39.2,True,False,Month-to-month,49,True,False
True,False,No,Credit card (automatic),True,20.25,False,False,Month-to-month,26,True,False
False,False,DSL,Electronic check,False,70.3,True,False,Month-to-month,2,False,False
False,False,No,Mailed check,False,24.55,False,False,Two year,68,False,False
False,True,DSL,Mailed check,True,69.75,True,True,Month-to-month,22,False,False
True,False,No,Mailed check,False,19.75,False,False,One year,14,True,False
False,False,No,Credit card (automatic),False,19.85,False,False,Two year,53,False,False
True,False,Fiber optic,Credit card (automatic),True,97.7,True,False,Two year,72,False,False
True,False,No,Mailed check,False,20.15,False,False,Two year,8,True,False
False,False,No,Mailed check,False,19.2,False,False,Month-to-month,8,False,False
True,False,DSL,Mailed check,True,34.95,False,False,Month-to-month,19,True,False
True,False,Fiber optic,Bank transfer (automatic),True,105.7,True,True,One year,71,False,False
True,False,DSL,Mailed check,True,55.55,False,True,Month-to-month,10,True,False
True,False,Fiber optic,Bank transfer (automatic),False,79.3,False,False,Month-to-month,26,False,False
True,False,DSL,Bank transfer (automatic),True,81.95,True,True,Two year,69,True,False
False,False,DSL,Credit card (automatic),True,62.55,False,False,One year,45,False,False
False,False,No,Mailed check,False,19.35,False,False,Month-to-month,2,False,False
True,False,DSL,Bank transfer (automatic),True,47.6,False,True,Two year,71,False,False
False,False,No,Credit card (automatic),True,24.85,False,False,Month-to-month,22,False,False
True,False,DSL,Credit card (automatic),True,85.0,True,True,Two year,64,False,False
False,False,Fiber optic,Credit card (automatic),True,88.95,False,True,Month-to-month,24,False,False
False,True,Fiber optic,Electronic check,True,71.25,False,False,Month-to-month,1,False,False
False,False,Fiber optic,Electronic check,True,95.7,True,False,Month-to-month,50,False,False
False,False,Fiber optic,Credit card (automatic),True,89.3,True,True,Month-to-month,45,False,False
False,True,Fiber optic,Electronic check,True,84.95,True,True,Month-to-month,18,False,False
True,False,Fiber optic,Bank transfer (automatic),False,91.7,False,False,Month-to-month,38,False,False
True,False,No,Credit card (automatic),False,25.25,False,False,Two year,12,True,False
True,True,DSL,Mailed check,False,34.25,False,True,Month-to-month,24,False,False
True,False,DSL,Bank transfer (automatic),False,77.4,False,True,One year,53,False,False
False,False,DSL,Bank transfer (automatic),False,53.95,False,True,Two year,71,False,False
False,False,DSL,Mailed check,True,44.55,True,False,Two year,8,True,False
False,False,Fiber optic,Bank transfer (automatic),False,83.2,False,True,Month-to-month,23,False,False
True,False,No,Bank transfer (automatic),False,25.2,False,False,Two year,72,True,False
False,False,Fiber optic,Credit card (automatic),True,79.55,False,False,Month-to-month,12,False,False
True,True,DSL,Credit card (automatic),False,54.1,False,True,One year,36,False,False
True,False,DSL,Electronic check,True,64.0,True,False,One year,31,False,False
False,False,No,Mailed check,False,19.5,False,False,Month-to-month,2,False,False
True,False,Fiber optic,Bank transfer (automatic),True,104.8,True,True,Two year,72,False,False
True,False,Fiber optic,Mailed check,True,100.05,True,True,One year,22,True,False
True,False,DSL,Credit card (automatic),False,74.0,False,False,Two year,67,True,False
False,False,Fiber optic,Electronic check,True,94.7,True,False,Month-to-month,36,True,False
False,False,DSL,Bank transfer (automatic),True,58.75,True,True,Two year,52,False,False
True,False,No,Mailed check,False,19.55,False,False,One year,14,True,False
True,True,Fiber optic,Bank transfer (automatic),True,114.95,True,True,Two year,72,True,False
True,False,Fiber optic,Bank transfer (automatic),True,86.8,False,False,Month-to-month,64,True,False
False,False,No,Electronic check,True,25.6,False,False,Month-to-month,35,False,False
False,False,No,Credit card (automatic),False,19.3,False,False,One year,13,False,False
True,False,DSL,Credit card (automatic),True,55.25,False,True,Two year,55,True,False
False,False,No,Mailed check,False,20.4,False,False,Month-to-month,9,True,False
True,True,DSL,Credit card (automatic),True,84.1,True,True,Two year,72,False,False
False,False,Fiber optic,Electronic check,True,100.4,True,True,Month-to-month,7,False,False
True,False,DSL,Bank transfer (automatic),True,93.25,True,True,Two year,72,True,False
False,False,No,Mailed check,True,19.2,False,False,One year,8,False,False
False,False,No,Bank transfer (automatic),False,26.0,False,False,Two year,62,True,False
True,False,No,Bank transfer (automatic),False,20.15,False,False,Two year,69,True,False
False,False,DSL,Bank transfer (automatic),True,59.15,True,False,Month-to-month,6,False,False
True,False,DSL,Credit card (automatic),False,50.3,False,True,One year,58,False,False
False,False,No,Mailed check,True,19.95,False,False,Month-to-month,21,False,False
False,False,DSL,Electronic check,True,56.2,True,False,Month-to-month,19,False,False
True,False,No,Bank transfer (automatic),True,20.15,False,False,Two year,49,False,False
True,True,Fiber optic,Credit card (automatic),True,116.75,True,True,Two year,72,False,False
False,False,No,Bank transfer (automatic),False,19.8,False,False,One year,42,False,False
True,False,DSL,Credit card (automatic),False,53.3,False,True,Two year,45,False,False
False,False,DSL,Mailed check,False,40.25,False,False,One year,10,True,False
False,True,DSL,Bank transfer (automatic),True,58.55,False,False,Month-to-month,29,False,False
False,False,No,Mailed check,False,19.4,False,False,Two year,17,False,False
False,False,DSL,Bank transfer (automatic),True,68.25,True,True,Month-to-month,9,False,False
False,False,DSL,Electronic check,True,49.55,False,False,Month-to-month,42,False,False
False,False,No,Credit card (automatic),True,19.65,False,False,Month-to-month,5,False,False
False,False,Fiber optic,Electronic check,True,69.9,False,False,Month-to-month,1,False,False
False,True,Fiber optic,Bank transfer (automatic),True,86.45,False,True,Month-to-month,27,False,False
True,False,Fiber optic,Electronic check,True,89.85,False,True,Month-to-month,34,True,False
True,False,Fiber optic,Electronic check,True,84.8,False,False,Two year,71,True,False
True,False,No,Mailed check,False,20.2,False,False,Two year,64,True,False
True,False,Fiber optic,Electronic check,True,98.35,True,False,Month-to-month,49,True,False
True,False,Fiber optic,Credit card (automatic),True,112.6,True,True,Two year,72,True,False
False,False,No,Bank transfer (automatic),True,24.6,False,False,One year,51,False,False
False,False,Fiber optic,Mailed check,True,96.75,False,True,Month-to-month,35,False,False
False,False,No,Mailed check,True,19.1,False,False,Month-to-month,3,False,False
False,False,DSL,Credit card (automatic),False,63.9,True,True,Two year,52,False,False
False,False,DSL,Bank transfer (automatic),True,49.8,False,False,Two year,39,False,False
False,False,No,Mailed check,False,19.5,False,False,One year,20,False,False
True,False,DSL,Electronic check,False,28.5,False,False,Month-to-month,21,False,False
False,False,Fiber optic,Bank transfer (automatic),True,89.4,False,True,Month-to-month,20,False,False
False,False,DSL,Mailed check,False,38.25,False,True,Two year,46,False,False
False,False,No,Mailed check,False,20.15,False,False,Month-to-month,4,False,False
True,False,DSL,Mailed check,False,59.7,False,False,Two year,23,True,False
False,True,DSL,Electronic check,False,55.65,False,True,Month-to-month,42,False,False
True,False,Fiber optic,Credit card (automatic),True,78.85,False,False,Month-to-month,40,False,False
False,False,DSL,Credit card (automatic),False,88.95,True,True,Two year,13,True,False
True,False,Fiber optic,Bank transfer (automatic),True,108.5,True,True,One year,72,False,False
False,False,DSL,Electronic check,False,30.4,False,False,Month-to-month,3,False,False
False,False,No,Credit card (automatic),True,19.8,False,False,Two year,72,False,False
True,True,DSL,Electronic check,False,74.85,True,True,Two year,30,False,False
True,False,Fiber optic,Bank transfer (automatic),True,98.45,True,False,One year,61,True,False
True,False,Fiber optic,Electronic check,True,105.4,True,True,One year,67,True,False
False,False,DSL,Credit card (automatic),False,74.1,True,True,One year,1,False,False
True,False,No,Mailed check,True,19.95,False,False,Two year,38,True,False
False,False,DSL,Bank transfer (automatic),False,84.1,True,True,One year,38,False,False
False,False,No,Mailed check,False,25.1,False,False,Two year,66,False,False
False,False,DSL,Credit card (automatic),True,83.45,True,True,One year,48,False,False
False,False,DSL,Bank transfer (automatic),True,69.5,False,False,Month-to-month,26,False,False
False,False,DSL,Bank transfer (automatic),False,41.15,False,False,One year,39,False,False
False,True,Fiber optic,Electronic check,True,84.05,True,False,Month-to-month,2,False,False
True,False,No,Credit card (automatic),True,24.95,False,False,Two year,69,False,False
True,False,DSL,Credit card (automatic),False,75.35,True,True,Two year,61,False,False
True,False,DSL,Electronic check,False,35.0,True,False,Month-to-month,1,False,False
False,False,DSL,Bank transfer (automatic),True,63.75,False,False,Month-to-month,4,False,False
False,False,DSL,Electronic check,False,54.95,False,False,Month-to-month,24,False,False
False,False,No,Mailed check,False,20.3,False,False,Month-to-month,1,False,False
True,False,Fiber optic,Electronic check,True,85.6,True,False,Month-to-month,18,True,False
False,False,DSL,Credit card (automatic),True,89.65,True,True,One year,36,False,False
True,False,No,Mailed check,False,19.3,False,False,Two year,30,True,False
False,False,No,Mailed check,False,24.7,False,False,Month-to-month,21,True,False
True,False,DSL,Bank transfer (automatic),False,70.95,True,True,Two year,68,False,False
False,True,Fiber optic,Electronic check,True,104.45,True,True,Month-to-month,46,False,False
False,False,DSL,Electronic check,False,55.45,False,False,One year,43,False,False
False,True,Fiber optic,Bank transfer (automatic),True,95.4,True,False,Month-to-month,21,False,False
True,True,Fiber optic,Electronic check,True,85.15,False,False,Month-to-month,44,False,False
False,False,DSL,Mailed check,False,29.2,False,False,Month-to-month,3,False,False
True,True,No,Bank transfer (automatic),False,23.95,False,False,Two year,71,False,False
False,False,No,Credit card (automatic),False,25.05,False,False,One year,48,False,False
False,False,Fiber optic,Electronic check,True,105.1,True,True,Month-to-month,34,False,False
False,False,No,Credit card (automatic),False,19.65,False,False,One year,52,True,False
True,False,DSL,Mailed check,False,54.65,False,False,Month-to-month,8,True,False
False,False,No,Mailed check,False,20.2,False,False,Month-to-month,1,False,False
True,False,DSL,Credit card (automatic),False,64.95,False,True,Two year,70,False,False
False,False,Fiber optic,Credit card (automatic),False,116.25,True,True,One year,34,False,False
True,False,No,Mailed check,True,18.7,False,False,Two year,25,True,False
True,False,Fiber optic,Bank transfer (automatic),True,96.65,True,False,Month-to-month,59,True,False
True,True,Fiber optic,Mailed check,True,114.5,True,True,Two year,72,False,False
True,False,DSL,Bank transfer (automatic),True,65.65,True,True,Two year,72,True,False
True,False,No,Credit card (automatic),False,20.2,False,False,One year,53,True,False
True,False,Fiber optic,Electronic check,False,107.95,True,True,Two year,57,False,False
True,False,Fiber optic,Credit card (automatic),True,69.05,False,False,Two year,55,True,False
False,False,DSL,Mailed check,False,50.0,False,False,Month-to-month,20,False,False
False,False,Fiber optic,Credit card (automatic),False,89.4,True,True,Month-to-month,54,False,False
True,False,No,Mailed check,False,19.7,False,False,Two year,16,True,False
False,False,No,Bank transfer (automatic),False,25.7,False,False,Two year,10,False,False
False,False,DSL,Mailed check,True,53.85,False,False,Month-to-month,2,False,True
False,False,Fiber optic,Electronic check,True,70.7,False,False,Month-to-month,2,False,True
False,False,Fiber optic,Electronic check,True,99.65,True,True,Month-to-month,8,False,True
True,False,Fiber optic,Electronic check,True,104.8,True,True,Month-to-month,28,False,True
False,False,Fiber optic,Bank transfer (automatic),True,103.7,True,True,Month-to-month,49,False,True
True,False,DSL,Credit card (automatic),False,55.2,False,True,Month-to-month,10,True,True
False,True,DSL,Electronic check,True,39.65,True,True,Month-to-month,1,False,True
False,False,No,Mailed check,False,20.15,False,False,Month-to-month,1,False,True
True,False,Fiber optic,Electronic check,True,99.35,True,False,Month-to-month,47,True,True
True,False,DSL,Electronic check,False,30.2,False,False,Month-to-month,1,True,True
False,False,DSL,Mailed check,True,64.7,True,False,Month-to-month,17,True,True
False,False,Fiber optic,Electronic check,True,69.7,False,False,Month-to-month,5,False,True
False,False,Fiber optic,Electronic check,True,106.35,True,True,Month-to-month,34,False,True
False,False,Fiber optic,Bank transfer (automatic),True,97.85,True,True,Month-to-month,11,False,True
False,False,Fiber optic,Electronic check,True,80.65,False,False,Month-to-month,2,False,True
False,False,Fiber optic,Credit card (automatic),True,99.1,True,False,Month-to-month,15,False,True
True,True,Fiber optic,Credit card (automatic),True,80.65,False,False,Month-to-month,8,False,True
False,True,Fiber optic,Electronic check,True,95.45,True,False,Month-to-month,18,False,True
False,False,Fiber optic,Electronic check,False,94.4,True,False,Month-to-month,9,False,True
False,False,Fiber optic,Electronic check,True,79.35,False,False,Month-to-month,1,True,True
True,False,Fiber optic,Bank transfer (automatic),True,75.15,False,True,Month-to-month,7,False,True
False,False,Fiber optic,Electronic check,True,78.95,False,False,Month-to-month,12,False,True
False,False,No,Mailed check,False,21.05,False,False,Month-to-month,5,False,True
True,True,Fiber optic,Electronic check,True,98.5,True,True,Month-to-month,25,False,True
True,False,Fiber optic,Bank transfer (automatic),True,110.0,True,True,Two year,68,False,True
True,False,Fiber optic,Electronic check,True,96.75,False,False,Month-to-month,55,False,True
True,True,Fiber optic,Electronic check,True,76.5,False,False,Month-to-month,37,False,True
True,False,Fiber optic,Electronic check,True,100.25,True,False,Month-to-month,10,True,True
False,False,Fiber optic,Electronic check,True,74.4,False,False,Month-to-month,3,False,True
False,True,Fiber optic,Electronic check,True,78.05,False,True,Month-to-month,27,False,True
True,False,DSL,Credit card (automatic),True,58.6,True,True,Month-to-month,25,True,True
False,False,DSL,Electronic check,True,35.45,True,False,Month-to-month,1,False,True
False,False,DSL,Electronic check,False,44.35,False,False,Month-to-month,2,False,True
True,True,Fiber optic,Mailed check,True,70.45,False,False,Month-to-month,1,False,True
False,False,DSL,Electronic check,False,71.15,True,False,Month-to-month,8,False,True
False,False,DSL,Electronic check,True,45.65,False,False,Month-to-month,1,False,True
False,False,Fiber optic,Mailed check,False,95.0,True,False,Month-to-month,7,False,True
True,False,Fiber optic,Electronic check,False,82.4,False,False,Month-to-month,20,False,True
False,False,Fiber optic,Bank transfer (automatic),True,70.9,False,False,Month-to-month,4,False,True
True,True,DSL,Electronic check,True,45.3,True,True,Month-to-month,58,False,True
True,False,Fiber optic,Electronic check,True,104.4,True,True,Month-to-month,2,False,True
True,False,Fiber optic,Bank transfer (automatic),True,94.85,True,True,One year,53,False,True
False,True,Fiber optic,Mailed check,True,74.45,False,False,Month-to-month,15,False,True
False,True,Fiber optic,Bank transfer (automatic),False,76.45,False,False,Month-to-month,7,False,True
False,False,DSL,Bank transfer (automatic),False,29.95,False,False,Month-to-month,1,False,True
False,False,Fiber optic,Bank transfer (automatic),False,84.5,True,False,Month-to-month,8,False,True
False,False,Fiber optic,Electronic check,True,79.25,False,True,Month-to-month,13,False,True
True,False,Fiber optic,Electronic check,True,91.0,True,True,Month-to-month,6,False,True
False,False,Fiber optic,Electronic check,False,79.9,True,False,Month-to-month,1,False,True
False,False,Fiber optic,Electronic check,True,106.6,True,True,Month-to-month,19,False,True
False,False,DSL,Credit card (automatic),True,46.0,False,False,Month-to-month,2,False,True
False,False,Fiber optic,Electronic check,True,70.15,False,False,Month-to-month,4,False,True
True,False,DSL,Mailed check,False,50.05,False,False,Month-to-month,4,False,True
True,False,DSL,Mailed check,False,55.2,False,False,Month-to-month,1,False,True
False,False,Fiber optic,Mailed check,True,84.6,True,False,Month-to-month,1,False,True
False,False,DSL,Mailed check,True,54.4,False,False,Month-to-month,2,False,True
False,True,Fiber optic,Electronic check,True,95.0,True,False,Month-to-month,11,False,True
False,True,Fiber optic,Electronic check,True,74.4,False,False,Month-to-month,15,False,True
False,False,DSL,Mailed check,True,48.55,False,False,Month-to-month,1,False,True
True,False,Fiber optic,Electronic check,False,70.4,False,False,Month-to-month,2,True,True
True,True,DSL,Electronic check,False,40.2,False,False,Month-to-month,1,False,True
True,False,DSL,Credit card (automatic),True,44.6,False,False,Month-to-month,2,False,True
False,True,DSL,Electronic check,True,41.15,True,True,Month-to-month,3,False,True
False,True,Fiber optic,Electronic check,True,106.9,True,True,Month-to-month,13,False,True
False,False,No,Mailed check,False,19.35,False,False,Two year,59,False,True
False,True,Fiber optic,Electronic check,True,94.45,True,False,Month-to-month,16,False,True
False,False,Fiber optic,Mailed check,False,70.6,False,False,Month-to-month,1,False,True
True,False,Fiber optic,Electronic check,True,85.4,False,False,Month-to-month,5,False,True
True,False,Fiber optic,Electronic check,True,105.05,True,True,Month-to-month,52,False,True
True,False,Fiber optic,Mailed check,False,95.15,True,True,Month-to-month,18,True,True
True,False,Fiber optic,Electronic check,False,70.0,False,False,Month-to-month,1,False,True
False,True,Fiber optic,Electronic check,True,74.5,False,False,Month-to-month,8,False,True
False,False,DSL,Credit card (automatic),True,44.85,False,False,Month-to-month,10,False,True
False,True,Fiber optic,Electronic check,True,76.1,False,False,Month-to-month,24,False,True
False,False,Fiber optic,Mailed check,True,73.6,False,False,Month-to-month,1,True,True
False,True,Fiber optic,Electronic check,True,95.45,True,False,Month-to-month,4,False,True
True,True,Fiber optic,Electronic check,True,74.9,False,False,Month-to-month,32,False,True
False,False,Fiber optic,Electronic check,True,80.6,False,False,Month-to-month,5,False,True
True,False,DSL,Credit card (automatic),False,80.3,True,False,One year,38,True,True
True,True,Fiber optic,Electronic check,True,93.15,True,True,Month-to-month,24,False,True
False,True,DSL,Bank transfer (automatic),False,82.45,True,False,One year,54,False,True
False,True,Fiber optic,Electronic check,True,70.35,False,False,Month-to-month,2,False,True
False,False,Fiber optic,Electronic check,True,73.85,False,False,Month-to-month,7,False,True
False,False,Fiber optic,Mailed check,False,80.6,False,True,Month-to-month,2,False,True
True,False,DSL,Bank transfer (automatic),True,75.8,True,True,One year,68,True,True
False,False,Fiber optic,Electronic check,True,104.6,True,True,Two year,43,False,True
True,False,Fiber optic,Electronic check,True,103.4,True,True,Month-to-month,63,False,True
False,False,Fiber optic,Electronic check,True,90.4,True,False,Month-to-month,2,False,True
True,False,Fiber optic,Bank transfer (automatic),True,84.8,False,True,Month-to-month,4,True,True
False,True,DSL,Electronic check,True,41.9,False,False,Month-to-month,21,False,True
False,False,Fiber optic,Bank transfer (automatic),True,80.25,True,False,Month-to-month,10,False,True
True,True,DSL,Credit card (automatic),False,30.75,False,False,Month-to-month,27,False,True
False,False,Fiber optic,Bank transfer (automatic),False,96.5,True,True,Month-to-month,5,False,True
False,False,Fiber optic,Electronic check,True,85.65,False,False,Month-to-month,2,False,True
True,False,Fiber optic,Bank transfer (automatic),True,104.95,True,True,Month-to-month,25,False,True
False,False,DSL,Mailed check,False,50.65,False,False,Month-to-month,1,False,True
False,False,Fiber optic,Credit card (automatic),True,90.85,True,False,Month-to-month,1,False,True
True,True,No,Mailed check,False,19.95,False,False,Month-to-month,11,False,True
True,True,Fiber optic,Electronic check,True,85.45,False,True,Month-to-month,55,False,True
False,False,Fiber optic,Credit card (automatic),True,73.95,False,False,Month-to-month,34,False,True
True,False,Fiber optic,Credit card (automatic),True,99.45,True,True,Month-to-month,69,True,True
False,False,No,Mailed check,True,19.9,False,False,Month-to-month,1,False,True
False,False,No,Mailed check,True,19.6,False,False,Month-to-month,1,False,True
False,True,Fiber optic,Electronic check,True,81.35,False,False,Month-to-month,3,False,True
True,False,Fiber optic,Electronic check,False,83.3,True,False,Month-to-month,22,True,True
False,True,Fiber optic,Bank transfer (automatic),True,75.3,False,True,Month-to-month,1,False,True
True,False,No,Mailed check,True,19.4,False,False,Month-to-month,61,True,True
False,False,DSL,Bank transfer (automatic),True,45.4,False,False,Month-to-month,12,False,True
False,False,Fiber optic,Electronic check,True,105.9,True,True,Month-to-month,60,False,True
False,False,Fiber optic,Mailed check,False,69.55,False,False,Month-to-month,1,False,True
True,False,Fiber optic,Electronic check,True,81.05,True,False,Month-to-month,28,True,True
True,False,Fiber optic,Electronic check,False,101.15,True,True,Month-to-month,4,True,True
False,False,Fiber optic,Electronic check,True,99.8,True,False,Month-to-month,7,False,True
True,False,DSL,Electronic check,False,55.95,True,False,Month-to-month,13,True,True
False,False,DSL,Electronic check,True,55.0,True,False,Month-to-month,1,False,True
True,False,Fiber optic,Electronic check,True,74.7,False,False,Month-to-month,1,True,True
False,False,Fiber optic,Electronic check,True,80.25,False,False,Month-to-month,24,False,True
False,False,Fiber optic,Electronic check,True,96.1,True,False,Month-to-month,5,False,True
False,False,Fiber optic,Bank transfer (automatic),False,69.0,False,False,Month-to-month,15,True,True
True,False,DSL,Bank transfer (automatic),True,45.3,True,True,Month-to-month,48,False,True
True,False,Fiber optic,Electronic check,True,83.55,False,False,Month-to-month,8,True,True
False,False,Fiber optic,Electronic check,True,74.35,False,False,Month-to-month,1,True,True
True,False,Fiber optic,Electronic check,True,74.4,False,False,Month-to-month,2,False,True
False,False,DSL,Bank transfer (automatic),True,43.75,True,True,One year,22,False,True
False,True,DSL,Electronic check,False,28.45,False,False,Month-to-month,5,False,True
False,False,Fiber optic,Bank transfer (automatic),True,99.7,True,True,Month-to-month,12,False,True
False,True,Fiber optic,Electronic check,True,94.1,True,True,Month-to-month,20,False,True
True,False,Fiber optic,Electronic check,True,94.2,True,False,Month-to-month,2,False,True
True,False,Fiber optic,Electronic check,True,80.5,False,False,Month-to-month,6,True,True
True,True,Fiber optic,Electronic check,True,74.35,False,False,Month-to-month,5,False,True
False,False,Fiber optic,Bank transfer (automatic),False,104.8,True,True,Month-to-month,40,False,True
True,True,Fiber optic,Bank transfer (automatic),True,75.2,False,False,Month-to-month,27,False,True
False,False,Fiber optic,Bank transfer (automatic),False,75.6,False,False,Month-to-month,23,False,True
True,False,Fiber optic,Electronic check,True,100.05,True,True,Month-to-month,34,False,True
False,False,Fiber optic,Electronic check,True,85.0,True,False,Month-to-month,1,False,True
False,False,Fiber optic,Bank transfer (automatic),True,86.05,False,False,Month-to-month,10,False,True
False,False,DSL,Credit card (automatic),True,45.55,False,False,Month-to-month,13,False,True
True,False,Fiber optic,Mailed check,True,86.3,False,False,Month-to-month,39,True,True
False,False,Fiber optic,Bank transfer (automatic),True,80.35,False,False,Month-to-month,32,False,True
False,False,Fiber optic,Electronic check,True,100.25,True,True,Month-to-month,35,False,True
True,False,Fiber optic,Credit card (automatic),False,100.3,True,False,One year,56,False,True
True,False,No,Mailed check,False,19.0,False,False,Month-to-month,12,True,True
False,False,Fiber optic,Mailed check,False,75.3,False,False,Month-to-month,1,False,True
False,True,Fiber optic,Electronic check,True,89.2,False,True,Month-to-month,4,False,True
False,True,Fiber optic,Electronic check,True,85.7,False,False,Month-to-month,1,False,True
False,False,DSL,Mailed check,True,61.65,False,True,Month-to-month,12,False,True
True,True,Fiber optic,Bank transfer (automatic),False,105.25,True,True,Month-to-month,65,False,True
True,False,DSL,Electronic check,True,29.95,False,False,Month-to-month,9,True,True
True,False,DSL,Mailed check,False,65.0,False,True,Month-to-month,9,True,True
False,False,No,Bank transfer (automatic),False,20.0,False,False,Month-to-month,7,False,True
True,True,Fiber optic,Credit card (automatic),False,90.05,True,False,Month-to-month,49,False,True
True,True,Fiber optic,Bank transfer (automatic),True,110.75,True,True,Month-to-month,43,True,True
True,False,Fiber optic,Electronic check,True,105.5,True,True,Month-to-month,65,True,True
True,True,Fiber optic,Bank transfer (automatic),True,104.55,True,True,One year,56,True,True
True,False,Fiber optic,Electronic check,True,85.25,True,False,Month-to-month,10,False,True
True,False,DSL,Electronic check,False,56.15,False,False,Month-to-month,43,True,True
False,False,Fiber optic,Electronic check,True,89.55,True,False,Month-to-month,1,False,True
True,True,Fiber optic,Electronic check,True,94.55,True,False,Month-to-month,20,False,True
False,False,DSL,Mailed check,True,45.7,False,False,Month-to-month,1,False,True
False,True,Fiber optic,Electronic check,False,89.5,True,False,Month-to-month,2,False,True
False,False,Fiber optic,Bank transfer (automatic),True,69.55,False,False,Month-to-month,3,False,True
False,False,Fiber optic,Mailed check,True,74.6,False,True,Month-to-month,1,False,True
False,True,No,Electronic check,False,19.65,False,False,Month-to-month,8,False,True
True,False,No,Mailed check,False,19.85,False,False,One year,2,True,True
False,False,Fiber optic,Electronic check,False,69.65,False,False,Month-to-month,2,False,True
False,False,DSL,Mailed check,False,45.65,False,False,Month-to-month,4,False,True
False,False,Fiber optic,Mailed check,True,75.05,False,False,Month-to-month,1,False,True
False,True,DSL,Electronic check,True,49.15,True,False,Month-to-month,52,False,True
False,False,DSL,Electronic check,True,34.7,True,False,Month-to-month,2,False,True
True,False,Fiber optic,Electronic check,False,80.0,True,False,Month-to-month,1,True,True
False,True,DSL,Electronic check,True,49.25,False,False,Month-to-month,2,False,True
False,False,Fiber optic,Credit card (automatic),True,75.1,False,False,Month-to-month,3,False,True
True,False,DSL,Electronic check,True,50.15,False,True,Month-to-month,3,True,True
False,False,Fiber optic,Bank transfer (automatic),True,79.85,False,False,Month-to-month,25,False,True
False,False,No,Mailed check,False,19.55,False,False,Month-to-month,1,False,True
True,False,Fiber optic,Electronic check,True,85.95,True,False,Month-to-month,4,True,True
False,False,DSL,Electronic check,True,45.35,False,False,Month-to-month,3,False,True
True,True,Fiber optic,Electronic check,True,94.5,True,False,Month-to-month,33,False,True
False,True,Fiber optic,Credit card (automatic),False,91.7,False,True,Month-to-month,30,False,True
False,False,Fiber optic,Electronic check,True,87.25,False,True,Month-to-month,45,False,True
False,False,Fiber optic,Electronic check,False,98.55,True,False,Month-to-month,10,False,True
False,True,Fiber optic,Electronic check,True,98.55,True,True,Month-to-month,20,False,True
False,False,Fiber optic,Bank transfer (automatic),True,85.9,True,False,Month-to-month,15,True,True
False,False,Fiber optic,Electronic check,False,89.25,True,False,Month-to-month,22,False,True
True,False,Fiber optic,Electronic check,True,70.3,False,False,Month-to-month,3,False,True
False,False,Fiber optic,Electronic check,True,93.35,True,False,Month-to-month,15,False,True
False,False,No,Mailed check,False,19.9,False,False,Month-to-month,1,False,True
True,False,Fiber optic,Mailed check,True,88.9,True,True,Month-to-month,5,False,True
True,False,Fiber optic,Electronic check,True,95.8,True,True,One year,33,False,True
False,False,Fiber optic,Electronic check,True,82.0,False,False,Month-to-month,2,False,True
False,False,DSL,Electronic check,False,45.35,False,False,Month-to-month,2,False,True
False,False,DSL,Electronic check,True,52.2,False,False,Month-to-month,1,False,True
False,True,Fiber optic,Electronic check,True,110.0,True,True,One year,46,False,True
False,False,Fiber optic,Electronic check,True,96.75,True,True,One year,62,False,True
False,False,Fiber optic,Electronic check,True,98.5,True,False,Month-to-month,10,False,True
False,False,Fiber optic,Electronic check,True,85.35,False,False,Month-to-month,6,False,True
True,False,Fiber optic,Electronic check,True,101.3,True,False,Month-to-month,40,False,True
False,False,Fiber optic,Electronic check,True,69.55,False,False,Month-to-month,1,False,True
False,False,Fiber optic,Bank transfer (automatic),True,103.25,True,True,One year,58,False,True
False,False,Fiber optic,Credit card (automatic),True,104.0,True,False,Two year,70,False,True
False,False,Fiber optic,Mailed check,True,86.2,True,True,Month-to-month,2,False,True
True,False,Fiber optic,Electronic check,True,111.2,True,True,Month-to-month,21,False,True
True,False,Fiber optic,Credit card (automatic),True,89.45,False,True,Month-to-month,16,True,True
True,True,Fiber optic,Bank transfer (automatic),True,95.6,True,False,Month-to-month,7,False,True
True,False,Fiber optic,Electronic check,False,90.95,False,True,One year,60,True,True
True,False,Fiber optic,Electronic check,False,108.55,True,False,One year,50,False,True
False,True,Fiber optic,Electronic check,True,78.85,False,False,Month-to-month,4,False,True
False,False,DSL,Mailed check,False,44.4,False,False,Month-to-month,1,False,True
False,True,Fiber optic,Electronic check,True,100.0,True,True,One year,55,False,True
True,False,No,Bank transfer (automatic),False,19.8,False,False,One year,12,True,True
False,False,Fiber optic,Electronic check,True,89.9,True,False,Month-to-month,1,False,True
False,False,Fiber optic,Electronic check,True,100.15,True,True,One year,62,True,True
False,False,DSL,Electronic check,False,50.8,False,False,Month-to-month,1,False,True
True,True,Fiber optic,Electronic check,True,73.65,False,False,Month-to-month,20,False,True
False,False,Fiber optic,Electronic check,True,95.1,True,False,Month-to-month,3,False,True
False,False,Fiber optic,Credit card (automatic),True,94.65,True,False,Month-to-month,22,False,True
True,False,Fiber optic,Mailed check,True,80.6,False,True,Month-to-month,4,False,True
True,False,Fiber optic,Electronic check,False,85.55,True,False,One year,59,False,True
False,False,DSL,Electronic check,True,50.8,True,False,Month-to-month,60,False,True
False,False,Fiber optic,Electronic check,False,105.1,True,True,Month-to-month,15,False,True
False,False,Fiber optic,Electronic check,True,110.1,True,True,Month-to-month,10,False,True
False,False,Fiber optic,Electronic check,False,83.9,True,True,Month-to-month,6,False,True
True,False,Fiber optic,Electronic check,True,100.55,False,True,Month-to-month,63,True,True
True,False,Fiber optic,Bank transfer (automatic),True,103.85,True,True,Month-to-month,50,True,True
False,False,Fiber optic,Bank transfer (automatic),True,98.9,True,False,Month-to-month,12,False,True
False,False,Fiber optic,Credit card (automatic),False,98.3,True,True,Month-to-month,9,False,True
False,False,Fiber optic,Electronic check,False,93.85,True,False,Month-to-month,17,False,True
False,True,Fiber optic,Electronic check,True,100.5,True,True,Month-to-month,9,False,True
False,True,Fiber optic,Electronic check,True,72.85,False,False,Month-to-month,10,False,True
True,True,Fiber optic,Electronic check,True,73.55,False,False,Month-to-month,1,False,True
False,True,Fiber optic,Electronic check,True,79.4,False,False,Month-to-month,3,False,True
False,False,Fiber optic,Electronic check,True,81.15,False,True,Month-to-month,13,False,True
False,True,Fiber optic,Electronic check,True,84.6,True,False,Month-to-month,4,False,True
False,False,Fiber optic,Electronic check,True,79.05,False,False,Month-to-month,6,False,True
False,False,Fiber optic,Bank transfer (automatic),False,74.4,False,False,Month-to-month,3,False,True
False,True,Fiber optic,Electronic check,True,99.05,True,True,Month-to-month,35,False,True
False,True,DSL,Mailed check,False,44.95,False,False,Month-to-month,2,False,True
True,False,DSL,Credit card (automatic),False,44.7,False,False,Month-to-month,1,False,True
False,True,Fiber optic,Credit card (automatic),False,100.3,True,False,Month-to-month,8,False,True
False,False,No,Electronic check,False,19.25,False,False,Month-to-month,7,False,True
False,False,Fiber optic,Electronic check,True,96.0,True,False,Month-to-month,2,False,True
False,False,Fiber optic,Electronic check,False,90.55,True,False,Month-to-month,1,False,True
True,True,DSL,Electronic check,True,30.35,False,False,Month-to-month,44,False,True
False,False,Fiber optic,Electronic check,True,108.05,True,True,Two year,71,False,True
False,False,Fiber optic,Electronic check,True,69.9,False,False,Month-to-month,1,False,True
True,True,Fiber optic,Electronic check,True,103.75,True,True,One year,62,False,True
False,False,Fiber optic,Electronic check,True,86.6,True,False,Month-to-month,1,False,True
True,True,Fiber optic,Bank transfer (automatic),True,80.6,False,False,Month-to-month,33,False,True
False,False,Fiber optic,Credit card (automatic),False,85.3,False,False,Month-to-month,35,False,True
False,False,Fiber optic,Credit card (automatic),True,70.0,False,False,Month-to-month,34,False,True
False,True,Fiber optic,Electronic check,True,94.3,True,False,Month-to-month,4,False,True
False,False,Fiber optic,Electronic check,True,95.35,True,True,Month-to-month,7,False,True
True,True,Fiber optic,Electronic check,True,75.5,False,False,Month-to-month,27,False,True
False,False,Fiber optic,Electronic check,True,90.1,True,False,Month-to-month,18,False,True
False,False,Fiber optic,Electronic check,False,68.95,False,False,Month-to-month,2,False,True
True,False,Fiber optic,Credit card (automatic),True,99.55,True,False,Month-to-month,32,True,True
True,False,DSL,Electronic check,False,57.45,True,True,Month-to-month,18,True,True
True,False,DSL,Credit card (automatic),False,53.65,True,False,One year,12,True,True
False,True,Fiber optic,Electronic check,True,100.6,True,True,Month-to-month,8,False,True
True,False,Fiber optic,Electronic check,True,83.75,False,False,Month-to-month,26,True,True
True,True,Fiber optic,Mailed check,True,88.3,False,False,Month-to-month,3,True,True
False,True,Fiber optic,Electronic check,True,92.1,True,True,Month-to-month,8,False,True
True,False,Fiber optic,Electronic check,True,79.45,False,False,Month-to-month,38,False,True
False,True,Fiber optic,Credit card (automatic),False,90.45,True,False,Month-to-month,14,False,True
True,False,Fiber optic,Bank transfer (automatic),True,69.75,False,False,Month-to-month,32,True,True
False,False,No,Mailed check,False,19.65,False,False,Month-to-month,1,False,True
False,True,DSL,Electronic check,True,43.65,True,True,Month-to-month,12,False,True
False,False,DSL,Electronic check,False,39.5,True,True,Month-to-month,5,False,True
True,False,Fiber optic,Bank transfer (automatic),True,97.1,True,False,Month-to-month,40,False,True
False,False,Fiber optic,Electronic check,True,80.0,True,False,Month-to-month,5,False,True
False,False,Fiber optic,Mailed check,True,84.7,False,False,Month-to-month,10,False,True
True,False,Fiber optic,Bank transfer (automatic),True,89.55,True,False,Month-to-month,2,True,True
False,False,Fiber optic,Electronic check,True,90.6,False,False,Month-to-month,23,False,True
False,False,Fiber optic,Bank transfer (automatic),True,90.05,False,False,Month-to-month,23,False,True
True,False,Fiber optic,Bank transfer (automatic),True,99.05,True,False,Month-to-month,49,False,True
False,False,Fiber optic,Bank transfer (automatic),False,69.75,False,False,Month-to-month,2,False,True
False,False,DSL,Credit card (automatic),True,49.05,False,False,Month-to-month,2,False,True
False,False,Fiber optic,Bank transfer (automatic),True,98.05,True,True,Month-to-month,7,False,True
False,False,Fiber optic,Bank transfer (automatic),True,114.5,True,True,Month-to-month,41,False,True
False,False,Fiber optic,Electronic check,True,80.95,True,False,Month-to-month,2,False,True
False,True,Fiber optic,Electronic check,True,74.3,False,True,Month-to-month,13,False,True
False,True,Fiber optic,Bank transfer (automatic),False,89.7,True,False,Month-to-month,11,False,True
True,True,Fiber optic,Credit card (automatic),True,100.45,True,True,Month-to-month,17,False,True
True,False,Fiber optic,Electronic check,True,90.4,True,False,One year,25,True,True
True,False,DSL,Mailed check,True,56.15,False,True,Month-to-month,3,True,True
False,False,Fiber optic,Bank transfer (automatic),True,94.4,True,True,Month-to-month,4,False,True
True,False,Fiber optic,Credit card (automatic),True,78.95,False,True,Month-to-month,37,False,True
False,False,DSL,Credit card (automatic),True,44.85,True,False,One year,19,False,True
True,True,Fiber optic,Electronic check,True,105.65,True,True,Month-to-month,39,False,True
False,False,Fiber optic,Mailed check,False,74.65,False,True,Month-to-month,7,False,True
True,False,DSL,Bank transfer (automatic),True,64.7,False,False,Month-to-month,14,False,True
True,True,Fiber optic,Bank transfer (automatic),True,104.05,True,True,Month-to-month,11,False,True
False,False,DSL,Electronic check,True,35.55,True,False,Month-to-month,1,False,True
False,False,Fiber optic,Electronic check,True,95.15,True,False,Month-to-month,2,False,True
True,False,Fiber optic,Mailed check,True,96.65,True,True,Month-to-month,13,True,True
True,True,Fiber optic,Electronic check,True,80.4,False,False,Month-to-month,3,False,True
False,False,DSL,Mailed check,True,31.35,False,False,Month-to-month,1,True,True
False,False,Fiber optic,Bank transfer (automatic),True,89.75,False,False,Month-to-month,12,False,True
True,False,Fiber optic,Electronic check,True,94.4,True,False,One year,60,False,True
False,False,No,Electronic check,True,19.85,False,False,Month-to-month,1,False,True
False,False,Fiber optic,Credit card (automatic),True,109.9,True,True,Month-to-month,6,False,True
False,False,Fiber optic,Electronic check,True,101.35,True,True,Month-to-month,15,False,True
False,True,DSL,Bank transfer (automatic),True,60.05,False,True,Month-to-month,21,False,True
False,False,DSL,Electronic check,True,60.15,True,False,Month-to-month,1,False,True
False,False,Fiber optic,Electronic check,True,90.45,False,True,Month-to-month,7,False,True
True,False,Fiber optic,Bank transfer (automatic),True,94.25,True,False,One year,53,False,True
False,False,Fiber optic,Electronic check,True,74.9,False,False,Month-to-month,1,False,True
False,False,Fiber optic,Electronic check,True,80.25,False,False,Month-to-month,1,False,True
True,False,Fiber optic,Electronic check,True,69.0,False,False,Month-to-month,17,True,True
True,False,DSL,Electronic check,True,66.35,True,False,Month-to-month,11,True,True
False,False,Fiber optic,Bank transfer (automatic),True,86.0,True,False,Month-to-month,19,False,True
True,False,Fiber optic,Electronic check,True,80.3,True,False,Month-to-month,3,True,True
False,False,Fiber optic,Credit card (automatic),True,90.55,False,False,Month-to-month,24,False,True
False,False,Fiber optic,Electronic check,True,75.9,False,False,Month-to-month,2,False,True
True,False,DSL,Mailed check,True,45.85,False,False,Month-to-month,1,True,True
True,False,DSL,Electronic check,True,49.95,True,False,Month-to-month,16,False,True
True,False,Fiber optic,Electronic check,False,78.3,False,False,Month-to-month,34,True,True
False,False,Fiber optic,Electronic check,True,76.95,False,False,Month-to-month,3,False,True
False,True,Fiber optic,Electronic check,True,96.15,True,False,Month-to-month,16,False,True
False,False,DSL,Electronic check,False,45.3,False,False,Month-to-month,1,False,True
False,False,No,Bank transfer (automatic),False,19.4,False,False,Month-to-month,15,False,True
False,False,Fiber optic,Electronic check,False,90.15,False,False,Month-to-month,11,False,True
False,False,DSL,Mailed check,False,45.05,False,False,Month-to-month,1,False,True
False,False,Fiber optic,Electronic check,False,75.8,False,False,Month-to-month,1,False,True
False,False,Fiber optic,Electronic check,True,79.3,True,False,Month-to-month,7,False,True
False,False,DSL,Electronic check,True,30.9,False,False,Month-to-month,2,False,True
False,True,Fiber optic,Credit card (automatic),False,95.25,True,False,One year,46,False,True
True,True,Fiber optic,Bank transfer (automatic),True,89.6,True,False,Month-to-month,68,False,True
True,False,Fiber optic,Electronic check,True,110.15,True,True,One year,59,False,True
True,True,Fiber optic,Electronic check,True,89.5,True,False,Month-to-month,7,False,True
True,False,Fiber optic,Electronic check,False,75.0,False,False,Month-to-month,8,False,True
False,False,DSL,Electronic check,False,44.75,False,False,Month-to-month,6,False,True
True,False,DSL,Electronic check,True,44.05,False,False,Month-to-month,11,False,True
True,True,Fiber optic,Bank transfer (automatic),True,85.6,True,False,Month-to-month,15,False,True
False,False,Fiber optic,Credit card (automatic),False,115.55,True,True,One year,70,False,True
False,True,Fiber optic,Electronic check,True,86.6,False,False,Month-to-month,16,False,True
False,False,Fiber optic,Electronic check,True,85.2,False,False,Month-to-month,18,False,True
True,False,Fiber optic,Electronic check,True,97.65,True,False,Month-to-month,34,False,True
True,False,Fiber optic,Electronic check,True,109.55,True,True,Month-to-month,47,False,True
True,False,Fiber optic,Electronic check,True,89.55,False,True,One year,39,True,True
False,False,No,Mailed check,True,19.45,False,False,Month-to-month,1,True,True
True,False,No,Mailed check,False,20.35,False,False,Month-to-month,4,True,True
False,True,Fiber optic,Electronic check,True,69.25,False,False,Month-to-month,1,False,True
True,False,Fiber optic,Bank transfer (automatic),True,99.5,True,True,One year,59,False,True
False,False,DSL,Mailed check,True,45.0,False,False,Month-to-month,2,False,True
True,False,Fiber optic,Credit card (automatic),True,105.0,True,True,Month-to-month,66,False,True
False,False,DSL,Credit card (automatic),True,54.7,False,False,Month-to-month,3,True,True
True,False,Fiber optic,Electronic check,True,87.25,True,True,Month-to-month,14,True,True
True,False,Fiber optic,Electronic check,True,79.95,False,False,Month-to-month,10,False,True
False,False,Fiber optic,Electronic check,True,88.35,False,False,Month-to-month,18,False,True
False,False,Fiber optic,Electronic check,True,94.75,True,False,Month-to-month,9,False,True
False,True,Fiber optic,Electronic check,True,95.05,True,False,Month-to-month,13,False,True
False,False,Fiber optic,Electronic check,False,78.45,False,False,Month-to-month,4,False,True
False,False,Fiber optic,Electronic check,True,70.2,False,False,Month-to-month,4,False,True
True,False,DSL,Bank transfer (automatic),True,41.05,True,False,Month-to-month,59,False,True
True,False,Fiber optic,Electronic check,True,85.6,False,False,Month-to-month,10,False,True
False,True,Fiber optic,Electronic check,True,79.2,False,False,Month-to-month,1,False,True
False,False,DSL,Mailed check,True,70.0,True,True,One year,5,False,True
False,False,DSL,Bank transfer (automatic),True,49.95,False,False,Month-to-month,1,False,True
True,False,Fiber optic,Electronic check,True,69.25,False,False,Month-to-month,22,False,True
True,True,Fiber optic,Electronic check,True,94.25,True,True,Month-to-month,34,False,True
True,False,DSL,Electronic check,True,73.0,True,True,One year,41,False,True
False,False,Fiber optic,Credit card (automatic),True,100.05,True,True,One year,64,False,True
False,True,Fiber optic,Credit card (automatic),True,99.8,True,True,Month-to-month,4,False,True
False,False,DSL,Electronic check,True,35.0,True,False,Month-to-month,18,True,True
False,False,Fiber optic,Electronic check,False,76.0,False,False,Month-to-month,1,False,True
False,True,Fiber optic,Electronic check,True,93.85,True,False,Month-to-month,2,False,True
True,False,Fiber optic,Electronic check,True,84.3,False,True,Month-to-month,15,False,True
False,True,Fiber optic,Credit card (automatic),True,84.4,True,False,Month-to-month,9,False,True
True,False,Fiber optic,Electronic check,True,101.1,True,True,Month-to-month,15,False,True
False,False,DSL,Electronic check,True,50.45,False,False,Month-to-month,1,False,True
False,False,Fiber optic,Mailed check,True,99.95,True,False,Month-to-month,12,False,True
False,False,Fiber optic,Electronic check,True,91.4,False,True,Month-to-month,2,False,True
False,True,Fiber optic,Credit card (automatic),True,75.55,False,True,Month-to-month,5,False,True
False,False,Fiber optic,Credit card (automatic),False,80.8,False,False,Month-to-month,4,True,True
True,False,Fiber optic,Electronic check,True,100.0,True,False,Month-to-month,16,False,True
False,False,No,Electronic check,False,20.55,False,False,Month-to-month,1,False,True
False,False,Fiber optic,Electronic check,True,85.3,False,True,Month-to-month,5,False,True
False,False,Fiber optic,Electronic check,False,70.4,False,False,Month-to-month,4,False,True
False,False,Fiber optic,Bank transfer (automatic),False,98.8,True,False,Month-to-month,37,False,True
True,False,Fiber optic,Credit card (automatic),True,74.4,False,False,Month-to-month,13,True,True
False,False,Fiber optic,Electronic check,True,98.75,True,True,Month-to-month,24,False,True
True,False,Fiber optic,Electronic check,True,106.0,True,False,One year,61,True,True
False,False,Fiber optic,Electronic check,True,104.7,True,True,Month-to-month,41,False,True
False,True,Fiber optic,Electronic check,True,96.7,True,False,Month-to-month,22,False,True
False,False,DSL,Credit card (automatic),True,55.05,False,False,Month-to-month,2,False,True
False,True,Fiber optic,Electronic check,True,88.2,False,False,Month-to-month,19,False,True
True,False,No,Mailed check,True,19.75,False,False,One year,8,True,True
False,True,Fiber optic,Electronic check,False,75.65,False,False,Month-to-month,15,False,True
False,True,Fiber optic,Electronic check,True,74.7,False,False,Month-to-month,1,False,True
False,False,Fiber optic,Electronic check,True,76.65,False,True,Month-to-month,17,False,True
False,False,DSL,Electronic check,True,42.6,True,False,Month-to-month,2,False,True
False,False,DSL,Bank transfer (automatic),True,68.85,True,True,Month-to-month,29,False,True
True,False,Fiber optic,Credit card (automatic),False,90.0,True,True,Month-to-month,2,True,True
False,False,Fiber optic,Electronic check,False,75.35,False,True,Month-to-month,14,False,True
False,False,Fiber optic,Electronic check,False,100.85,True,False,Month-to-month,8,False,True
True,False,Fiber optic,Electronic check,False,69.95,False,False,Month-to-month,5,False,True
True,False,Fiber optic,Electronic check,True,107.5,True,True,One year,63,False,True
False,False,DSL,Mailed check,True,45.85,False,False,Month-to-month,1,False,True
True,False,Fiber optic,Bank transfer (automatic),True,106.1,True,True,One year,53,False,True
False,False,Fiber optic,Electronic check,False,91.7,False,False,Month-to-month,1,False,True
False,False,Fiber optic,Credit card (automatic),True,95.6,True,True,Month-to-month,16,False,True
False,False,Fiber optic,Electronic check,True,74.95,False,False,Month-to-month,1,False,True
False,True,Fiber optic,Electronic check,True,95.35,True,False,Month-to-month,10,False,True
False,True,DSL,Electronic check,False,45.0,False,False,Month-to-month,3,False,True
False,False,Fiber optic,Electronic check,False,99.5,True,True,Month-to-month,66,False,True
True,False,Fiber optic,Bank transfer (automatic),False,98.6,True,True,One year,17,True,True
False,False,DSL,Mailed check,True,59.5,False,False,Month-to-month,7,False,True
True,True,Fiber optic,Electronic check,True,80.45,True,False,Month-to-month,12,False,True
True,False,Fiber optic,Credit card (automatic),True,77.95,False,False,Month-to-month,42,True,True
False,True,Fiber optic,Electronic check,True,74.7,False,False,Month-to-month,2,False,True
False,True,Fiber optic,Electronic check,True,88.8,False,True,Month-to-month,1,False,True
False,False,Fiber optic,Electronic check,True,90.25,True,False,Month-to-month,30,False,True
False,False,DSL,Bank transfer (automatic),True,64.65,True,False,Month-to-month,15,False,True
True,True,Fiber optic,Bank transfer (automatic),True,89.05,True,False,Month-to-month,13,False,True
True,False,Fiber optic,Electronic check,False,87.4,False,True,One year,67,True,True
False,True,Fiber optic,Electronic check,True,94.75,True,False,Month-to-month,23,False,True
False,False,Fiber optic,Electronic check,True,86.45,False,False,Month-to-month,35,False,True
True,False,Fiber optic,Electronic check,True,98.25,True,False,One year,56,False,True
True,False,Fiber optic,Bank transfer (automatic),True,75.75,False,True,Month-to-month,9,False,True
True,True,Fiber optic,Bank transfer (automatic),True,85.35,False,True,Month-to-month,17,False,True
False,False,Fiber optic,Credit card (automatic),True,106.1,True,True,One year,48,False,True
False,True,DSL,Electronic check,True,45.05,False,False,Month-to-month,17,False,True
False,False,Fiber optic,Mailed check,True,109.8,True,True,Month-to-month,34,False,True
False,True,Fiber optic,Electronic check,True,84.65,False,False,Month-to-month,42,False,True
True,False,Fiber optic,Bank transfer (automatic),True,79.5,False,False,Month-to-month,11,True,True
False,False,Fiber optic,Mailed check,False,85.8,True,False,Month-to-month,1,False,True
False,True,Fiber optic,Electronic check,True,79.1,False,False,Month-to-month,1,False,True
True,False,DSL,Mailed check,False,44.3,False,False,Month-to-month,3,True,True
True,False,Fiber optic,Credit card (automatic),False,105.95,True,True,Month-to-month,50,True,True
False,False,Fiber optic,Electronic check,True,69.75,False,False,Month-to-month,5,False,True
True,False,Fiber optic,Electronic check,True,94.65,True,False,Month-to-month,51,False,True
False,False,Fiber optic,Bank transfer (automatic),False,96.05,True,False,Month-to-month,46,False,True
False,True,DSL,Mailed check,True,50.15,False,True,Month-to-month,1,True,True
True,False,Fiber optic,Bank transfer (automatic),True,113.6,True,True,Month-to-month,41,False,True
False,False,Fiber optic,Electronic check,True,78.9,False,False,Month-to-month,29,False,True
True,False,DSL,Electronic check,True,60.05,False,False,Month-to-month,26,True,True
False,False,DSL,Electronic check,True,34.7,False,False,Month-to-month,1,False,True
False,False,Fiber optic,Electronic check,True,85.3,True,False,Month-to-month,3,False,True
True,False,Fiber optic,Credit card (automatic),True,102.45,True,True,One year,66,True,True
True,False,Fiber optic,Bank transfer (automatic),True,104.4,True,True,Month-to-month,21,False,True
False,False,Fiber optic,Electronic check,True,99.75,True,True,Month-to-month,1,True,True
False,False,DSL,Electronic check,True,74.4,True,True,Month-to-month,4,False,True
False,False,Fiber optic,Credit card (automatic),True,74.25,False,False,Month-to-month,9,False,True
False,False,DSL,Electronic check,True,59.85,False,False,Month-to-month,1,False,True
False,True,Fiber optic,Electronic check,True,69.6,False,False,Month-to-month,1,False,True
False,False,DSL,Electronic check,True,45.4,True,False,Month-to-month,9,False,True
False,False,No,Mailed check,False,19.5,False,False,Month-to-month,1,False,True
False,False,Fiber optic,Bank transfer (automatic),True,87.15,False,False,Month-to-month,2,False,True
True,False,Fiber optic,Bank transfer (automatic),True,84.75,True,False,Month-to-month,3,True,True
False,False,Fiber optic,Electronic check,True,89.95,False,False,Month-to-month,14,False,True
False,True,Fiber optic,Electronic check,True,113.2,True,True,Month-to-month,41,False,True
False,True,Fiber optic,Electronic check,True,90.5,True,False,Month-to-month,13,False,True
False,False,Fiber optic,Electronic check,False,79.0,False,False,Month-to-month,2,False,True
False,False,No,Bank transfer (automatic),False,20.15,False,False,One year,18,True,True
False,False,Fiber optic,Electronic check,True,71.65,False,False,Month-to-month,1,True,True
False,False,No,Mailed check,False,20.35,False,False,Month-to-month,4,False,True
False,False,Fiber optic,Credit card (automatic),True,84.25,False,True,Month-to-month,38,False,True
False,False,Fiber optic,Bank transfer (automatic),False,78.1,True,False,Month-to-month,12,False,True
True,False,Fiber optic,Mailed check,False,89.65,True,True,Month-to-month,19,False,True
False,False,Fiber optic,Electronic check,True,98.7,True,False,Month-to-month,10,False,True
False,False,Fiber optic,Electronic check,False,76.35,False,True,Month-to-month,1,False,True
False,False,Fiber optic,Electronic check,True,79.15,False,False,Month-to-month,23,False,True
True,True,Fiber optic,Electronic check,True,85.0,True,False,Month-to-month,32,False,True
True,True,Fiber optic,Electronic check,False,85.3,True,False,Month-to-month,32,False,True
False,False,Fiber optic,Credit card (automatic),True,86.55,False,False,Month-to-month,31,True,True
False,False,Fiber optic,Credit card (automatic),True,73.85,False,False,Month-to-month,19,False,True
True,True,DSL,Electronic check,True,44.85,True,False,Month-to-month,57,False,True
False,True,DSL,Electronic check,False,45.1,False,False,Month-to-month,1,False,True
False,False,Fiber optic,Electronic check,True,96.0,True,False,Month-to-month,24,False,True
False,False,No,Bank transfer (automatic),False,20.05,False,False,Month-to-month,1,False,True
True,False,Fiber optic,Bank transfer (automatic),False,108.65,True,True,Two year,65,True,True
False,False,DSL,Electronic check,True,45.55,False,False,Month-to-month,10,False,True
True,False,DSL,Electronic check,True,35.1,True,False,Month-to-month,2,False,True
False,False,DSL,Credit card (automatic),False,46.2,False,False,Month-to-month,1,False,True
False,False,DSL,Electronic check,False,45.15,False,False,Month-to-month,1,False,True
False,True,DSL,Electronic check,True,43.3,True,True,Month-to-month,1,False,True
False,True,DSL,Credit card (automatic),True,57.15,False,False,Month-to-month,38,False,True
True,False,Fiber optic,Electronic check,True,73.2,False,False,Month-to-month,19,False,True
False,False,Fiber optic,Electronic check,True,85.35,True,False,Month-to-month,52,False,True
False,False,DSL,Mailed check,False,45.95,False,False,Month-to-month,1,False,True
False,False,Fiber optic,Electronic check,False,83.75,False,False,Month-to-month,3,False,True
False,False,Fiber optic,Electronic check,True,70.05,False,False,Month-to-month,1,False,True
False,False,Fiber optic,Electronic check,True,86.0,True,False,Month-to-month,2,False,True
True,True,Fiber optic,Bank transfer (automatic),True,100.5,False,False,Month-to-month,35,False,True
False,False,Fiber optic,Electronic check,False,72.65,False,False,Month-to-month,16,False,True
True,False,No,Electronic check,True,21.0,False,False,Month-to-month,1,True,True
False,True,DSL,Mailed check,False,45.1,False,False,Month-to-month,1,False,True
True,True,DSL,Bank transfer (automatic),True,50.4,False,False,Month-to-month,30,False,True
False,True,Fiber optic,Electronic check,False,78.95,True,False,Month-to-month,5,False,True
False,False,Fiber optic,Electronic check,True,94.45,True,False,Month-to-month,56,False,True
False,False,Fiber optic,Bank transfer (automatic),True,84.8,False,True,Month-to-month,44,False,True
False,False,DSL,Mailed check,False,50.9,False,True,Month-to-month,1,False,True
True,False,Fiber optic,Electronic check,True,99.8,True,True,Month-to-month,49,True,True
True,False,Fiber optic,Bank transfer (automatic),True,107.35,True,True,Month-to-month,47,True,True
True,False,No,Mailed check,True,19.55,False,False,Month-to-month,31,True,True
False,False,Fiber optic,Electronic check,True,79.1,False,False,Month-to-month,3,False,True
False,False,Fiber optic,Electronic check,False,80.75,True,False,Month-to-month,2,False,True
True,False,Fiber optic,Bank transfer (automatic),True,91.85,False,False,Month-to-month,65,False,True
False,False,Fiber optic,Electronic check,True,75.35,False,False,Month-to-month,1,True,True
False,False,Fiber optic,Electronic check,True,75.45,False,False,Month-to-month,1,False,True
False,False,DSL,Bank transfer (automatic),True,49.55,False,False,Month-to-month,24,False,True
False,False,DSL,Credit card (automatic),True,78.6,True,True,One year,69,False,True
True,False,Fiber optic,Electronic check,True,81.1,False,False,Month-to-month,7,False,True
True,False,Fiber optic,Electronic check,True,74.95,False,False,Month-to-month,11,False,True
False,True,Fiber optic,Electronic check,True,93.55,True,False,Month-to-month,1,False,True
True,False,Fiber optic,Credit card (automatic),True,102.1,True,True,Month-to-month,58,False,True
True,False,Fiber optic,Bank transfer (automatic),True,90.9,True,False,Month-to-month,14,True,True
True,False,DSL,Mailed check,False,29.2,False,False,Month-to-month,12,True,True
True,False,Fiber optic,Bank transfer (automatic),True,89.15,False,True,Month-to-month,25,True,True
True,True,Fiber optic,Electronic check,True,108.85,True,True,One year,58,False,True
False,True,Fiber optic,Electronic check,True,84.75,False,False,Month-to-month,16,False,True
True,False,DSL,Electronic check,True,45.7,False,False,Month-to-month,1,True,True
False,True,Fiber optic,Electronic check,True,69.95,False,False,Month-to-month,1,False,True
True,False,DSL,Electronic check,False,44.6,True,False,Month-to-month,2,False,True
False,False,Fiber optic,Electronic check,True,74.95,False,False,Month-to-month,23,False,True
False,False,Fiber optic,Electronic check,True,95.25,True,True,Two year,57,False,True
False,False,Fiber optic,Mailed check,True,89.85,False,True,Month-to-month,24,False,True
True,False,Fiber optic,Mailed check,False,100.45,True,False,One year,49,True,True
False,False,DSL,Electronic check,False,47.15,False,False,Month-to-month,5,False,True
False,False,Fiber optic,Electronic check,True,80.2,True,False,Month-to-month,2,False,True
False,False,Fiber optic,Mailed check,True,87.1,False,True,Month-to-month,4,True,True
False,False,Fiber optic,Bank transfer (automatic),True,75.9,False,False,Month-to-month,5,False,True
True,False,Fiber optic,Electronic check,True,98.75,False,True,Month-to-month,47,False,True
False,False,Fiber optic,Electronic check,False,86.45,True,False,Month-to-month,10,False,True
False,False,DSL,Mailed check,True,45.3,False,False,Month-to-month,1,False,True
True,False,Fiber optic,Electronic check,False,104.1,True,True,One year,67,False,True
True,True,Fiber optic,Electronic check,True,81.0,False,False,Month-to-month,5,False,True
True,False,Fiber optic,Credit card (automatic),True,90.6,True,False,One year,67,False,True
True,False,Fiber optic,Electronic check,False,88.15,True,False,Month-to-month,15,False,True
False,False,No,Mailed check,True,20.2,False,False,Month-to-month,1,False,True
True,False,Fiber optic,Electronic check,True,90.8,True,False,Month-to-month,26,True,True
False,False,Fiber optic,Electronic check,True,79.35,False,False,Month-to-month,22,False,True
False,True,Fiber optic,Bank transfer (automatic),True,96.8,True,True,Month-to-month,21,False,True
True,False,Fiber optic,Bank transfer (automatic),True,83.35,False,True,Month-to-month,47,False,True
False,False,DSL,Electronic check,True,49.4,False,False,Month-to-month,2,False,True
True,False,DSL,Electronic check,True,79.2,True,False,Month-to-month,22,False,True
True,False,DSL,Electronic check,False,48.7,False,True,Month-to-month,7,True,True
False,False,Fiber optic,Electronic check,True,95.6,True,False,Month-to-month,1,False,True
False,False,DSL,Credit card (automatic),True,59.75,False,False,Month-to-month,49,False,True
False,True,Fiber optic,Credit card (automatic),True,108.15,True,False,Month-to-month,43,False,True
False,False,Fiber optic,Electronic check,False,71.35,False,False,Month-to-month,1,False,True
False,False,No,Mailed check,True,20.15,False,False,Month-to-month,1,False,True
False,False,Fiber optic,Bank transfer (automatic),False,69.75,False,False,Month-to-month,1,True,True
True,True,Fiber optic,Electronic check,True,93.2,True,False,Month-to-month,32,False,True
True,False,Fiber optic,Electronic check,False,80.85,False,False,Month-to-month,17,True,True
False,False,DSL,Electronic check,True,33.65,False,False,Month-to-month,4,False,True
False,False,Fiber optic,Electronic check,True,79.95,False,False,Month-to-month,1,False,True
False,False,No,Electronic check,False,19.3,False,False,Month-to-month,1,False,True
True,False,Fiber optic,Electronic check,True,99.2,True,True,One year,37,False,True
True,False,Fiber optic,Credit card (automatic),True,85.2,True,False,Month-to-month,8,False,True
False,False,Fiber optic,Electronic check,False,75.25,False,False,Month-to-month,3,False,True
False,False,DSL,Electronic check,False,54.35,False,True,Month-to-month,1,False,True
True,False,DSL,Electronic check,True,42.35,False,True,One year,40,False,True
False,False,Fiber optic,Electronic check,True,75.3,False,False,Month-to-month,1,False,True
False,False,Fiber optic,Electronic check,True,94.8,False,False,One year,51,False,True
False,True,Fiber optic,Electronic check,True,70.55,False,False,Month-to-month,1,False,True
True,False,Fiber optic,Credit card (automatic),False,86.15,True,False,Month-to-month,33,True,True
True,False,Fiber optic,Electronic check,True,85.0,True,False,Month-to-month,30,False,True
False,False,Fiber optic,Electronic check,False,80.55,True,False,Month-to-month,2,False,True
False,False,Fiber optic,Electronic check,True,75.8,False,True,Month-to-month,2,False,True
True,True,Fiber optic,Electronic check,True,98.5,True,True,Month-to-month,29,False,True
True,True,Fiber optic,Electronic check,True,95.25,True,False,Month-to-month,13,False,True
True,True,Fiber optic,Mailed check,True,74.4,False,False,Month-to-month,7,False,True
False,False,Fiber optic,Electronic check,False,85.15,False,False,Month-to-month,30,False,True
False,True,Fiber optic,Electronic check,True,88.55,True,True,Month-to-month,2,False,True
True,False,DSL,Electronic check,False,54.75,False,False,Month-to-month,24,True,True
False,True,Fiber optic,Electronic check,True,91.3,True,False,Month-to-month,1,False,True
False,False,Fiber optic,Electronic check,True,79.5,False,False,Month-to-month,1,False,True
True,True,Fiber optic,Mailed check,True,70.1,False,False,Month-to-month,7,False,True
True,False,Fiber optic,Electronic check,True,111.3,True,True,One year,67,True,True
True,True,Fiber optic,Bank transfer (automatic),True,95.25,True,True,Month-to-month,57,False,True
True,False,Fiber optic,Electronic check,True,86.25,False,True,Month-to-month,7,False,True
True,True,Fiber optic,Electronic check,True,100.8,True,True,Month-to-month,1,False,True
False,False,Fiber optic,Electronic check,True,86.3,True,False,Month-to-month,14,False,True
False,False,Fiber optic,Electronic check,True,89.95,True,False,Month-to-month,28,False,True
True,True,Fiber optic,Electronic check,True,76.45,False,False,Month-to-month,17,False,True
False,False,Fiber optic,Electronic check,True,70.0,False,False,Month-to-month,10,False,True
False,False,DSL,Mailed check,True,64.4,False,False,One year,34,False,True
True,False,Fiber optic,Electronic check,True,102.45,True,True,Month-to-month,1,True,True
False,False,Fiber optic,Credit card (automatic),False,80.1,False,True,Month-to-month,3,False,True
False,False,Fiber optic,Electronic check,True,80.2,False,False,Month-to-month,2,False,True
False,False,Fiber optic,Bank transfer (automatic),True,98.15,True,True,Month-to-month,6,False,True
False,False,Fiber optic,Mailed check,True,112.95,True,True,Month-to-month,12,False,True
False,False,Fiber optic,Mailed check,False,70.9,False,False,Month-to-month,1,False,True
False,True,Fiber optic,Electronic check,True,86.85,False,True,Month-to-month,3,False,True
True,False,Fiber optic,Electronic check,True,99.85,True,False,Month-to-month,23,True,True
True,False,Fiber optic,Electronic check,True,74.5,False,False,Month-to-month,1,True,True
False,False,Fiber optic,Electronic check,True,109.15,True,True,Month-to-month,65,False,True
False,False,DSL,Credit card (automatic),True,65.2,True,True,Month-to-month,16,False,True
True,True,Fiber optic,Credit card (automatic),True,99.5,True,True,Month-to-month,66,True,True
False,False,Fiber optic,Mailed check,True,71.55,False,False,Month-to-month,1,False,True
True,False,Fiber optic,Electronic check,False,93.9,True,True,Month-to-month,53,False,True
True,True,Fiber optic,Bank transfer (automatic),True,108.4,True,True,Two year,69,False,True
True,False,DSL,Bank transfer (automatic),True,48.75,True,True,Month-to-month,13,False,True
False,False,Fiber optic,Electronic check,True,85.65,False,False,Month-to-month,4,False,True
False,False,Fiber optic,Electronic check,True,106.7,True,True,Month-to-month,12,False,True
True,False,Fiber optic,Electronic check,False,110.35,True,True,One year,54,False,True
True,False,Fiber optic,Credit card (automatic),True,103.25,True,False,One year,48,True,True
False,False,DSL,Electronic check,True,47.8,False,False,Month-to-month,2,False,True
False,False,Fiber optic,Credit card (automatic),True,98.6,True,True,Month-to-month,29,False,True
True,True,Fiber optic,Electronic check,True,83.05,False,True,Month-to-month,15,False,True
True,False,Fiber optic,Bank transfer (automatic),True,70.4,False,False,Month-to-month,17,False,True
False,True,Fiber optic,Bank transfer (automatic),True,104.75,True,True,One year,56,False,True
False,True,Fiber optic,Electronic check,True,94.25,True,False,Month-to-month,21,False,True
False,False,DSL,Mailed check,False,45.95,False,False,Month-to-month,1,True,True
False,True,Fiber optic,Electronic check,True,70.15,False,False,Month-to-month,1,False,True
False,False,Fiber optic,Credit card (automatic),True,85.55,False,True,Month-to-month,1,False,True
True,False,Fiber optic,Electronic check,True,70.3,False,False,Month-to-month,35,False,True
True,True,Fiber optic,Bank transfer (automatic),False,106.35,True,True,Month-to-month,32,False,True
True,False,Fiber optic,Mailed check,True,103.7,True,True,One year,33,True,True
False,False,Fiber optic,Electronic check,True,88.35,True,False,Month-to-month,1,False,True
True,False,Fiber optic,Electronic check,True,94.2,True,True,Month-to-month,8,True,True
False,False,Fiber optic,Electronic check,True,96.25,True,False,Month-to-month,5,False,True
True,False,Fiber optic,Electronic check,True,70.7,False,False,Month-to-month,2,False,True
True,False,DSL,Mailed check,False,33.55,False,False,One year,42,False,True
True,True,Fiber optic,Credit card (automatic),True,94.55,True,False,Month-to-month,40,True,True
False,False,Fiber optic,Bank transfer (automatic),True,112.95,True,True,Two year,57,False,True
False,False,DSL,Electronic check,False,35.9,True,False,Month-to-month,1,False,True
False,False,Fiber optic,Bank transfer (automatic),True,99.25,True,True,Month-to-month,38,True,True
False,False,Fiber optic,Bank transfer (automatic),True,103.35,True,False,Month-to-month,8,False,True
False,True,Fiber optic,Electronic check,True,84.8,False,False,Month-to-month,7,False,True
False,True,Fiber optic,Electronic check,True,99.95,True,False,Month-to-month,31,False,True
False,False,Fiber optic,Credit card (automatic),True,90.0,False,False,Month-to-month,18,False,True
False,True,Fiber optic,Electronic check,True,104.85,True,True,Month-to-month,14,False,True
True,False,Fiber optic,Electronic check,False,106.1,True,False,One year,28,True,True
False,True,Fiber optic,Credit card (automatic),True,74.2,False,False,Month-to-month,15,False,True
False,False,Fiber optic,Electronic check,True,89.35,True,False,Month-to-month,5,False,True
False,False,Fiber optic,Electronic check,True,77.15,False,False,Month-to-month,1,False,True
False,False,DSL,Bank transfer (automatic),True,35.25,True,False,Month-to-month,1,False,True
True,False,DSL,Electronic check,True,48.55,True,False,Month-to-month,4,False,True
True,False,Fiber optic,Credit card (automatic),True,98.4,True,False,Month-to-month,53,False,True
True,True,Fiber optic,Bank transfer (automatic),True,93.85,True,False,Month-to-month,59,False,True
True,True,Fiber optic,Electronic check,True,100.7,False,True,Month-to-month,46,True,True
False,False,Fiber optic,Electronic check,True,80.45,False,True,Month-to-month,14,False,True
False,False,DSL,Electronic check,True,55.25,False,True,Month-to-month,31,False,True
True,False,DSL,Electronic check,True,54.45,True,False,Month-to-month,13,False,True
False,False,Fiber optic,Credit card (automatic),False,75.35,False,False,Month-to-month,35,False,True
False,False,Fiber optic,Electronic check,True,75.7,False,False,Month-to-month,2,False,True
False,False,Fiber optic,Mailed check,True,74.25,False,False,Month-to-month,1,False,True
False,True,Fiber optic,Electronic check,True,89.7,True,False,Month-to-month,25,False,True
False,True,Fiber optic,Electronic check,True,96.4,True,False,Month-to-month,16,False,True
False,True,Fiber optic,Bank transfer (automatic),True,69.5,False,False,Month-to-month,1,False,True
True,True,Fiber optic,Credit card (automatic),True,85.25,True,False,Month-to-month,36,False,True
False,False,No,Mailed check,False,19.4,False,False,Month-to-month,1,False,True
False,False,Fiber optic,Electronic check,True,83.3,True,False,Month-to-month,9,False,True
False,False,Fiber optic,Bank transfer (automatic),True,80.1,False,False,Month-to-month,8,False,True
False,True,DSL,Credit card (automatic),False,62.7,True,True,One year,45,False,True
False,False,No,Bank transfer (automatic),False,25.3,False,False,One year,25,False,True
False,False,Fiber optic,Mailed check,False,98.15,True,False,Month-to-month,13,False,True
False,False,Fiber optic,Electronic check,True,93.7,True,False,Month-to-month,46,False,True
False,True,Fiber optic,Mailed check,False,105.95,True,True,Month-to-month,25,False,True
False,False,DSL,Credit card (automatic),True,82.0,True,True,One year,18,False,True
True,False,Fiber optic,Electronic check,True,95.75,False,True,Month-to-month,60,False,True
True,False,Fiber optic,Credit card (automatic),True,94.05,True,False,Month-to-month,30,False,True
False,False,DSL,Mailed check,True,54.75,True,False,Month-to-month,1,False,True
False,True,Fiber optic,Bank transfer (automatic),True,95.65,True,False,Month-to-month,39,False,True
False,False,Fiber optic,Electronic check,True,94.6,True,False,Month-to-month,1,False,True
True,True,Fiber optic,Electronic check,True,98.9,True,True,Month-to-month,31,True,True
False,True,Fiber optic,Electronic check,True,76.05,False,False,Month-to-month,3,False,True
False,True,Fiber optic,Electronic check,True,69.75,False,False,Month-to-month,1,False,True
True,False,DSL,Electronic check,True,34.5,False,False,Month-to-month,7,True,True
True,False,Fiber optic,Electronic check,True,105.55,True,True,Month-to-month,61,False,True
False,False,DSL,Credit card (automatic),False,30.1,False,True,Month-to-month,39,True,True
True,False,Fiber optic,Electronic check,True,70.3,False,False,Month-to-month,10,False,True
False,False,Fiber optic,Mailed check,True,80.2,False,False,Month-to-month,1,False,True
True,False,Fiber optic,Credit card (automatic),True,94.35,True,False,One year,67,True,True
True,False,DSL,Bank transfer (automatic),True,44.6,False,False,Month-to-month,6,True,True
False,True,Fiber optic,Electronic check,True,110.45,True,True,Month-to-month,33,False,True
False,False,Fiber optic,Credit card (automatic),False,70.7,False,False,Month-to-month,2,False,True
True,True,Fiber optic,Electronic check,True,99.25,True,True,Month-to-month,7,False,True
True,False,Fiber optic,Electronic check,True,84.8,False,False,Month-to-month,1,False,True
False,False,Fiber optic,Bank transfer (automatic),True,105.0,True,True,One year,52,False,True
False,False,DSL,Electronic check,True,54.45,False,False,Month-to-month,22,False,True
True,False,Fiber optic,Electronic check,True,85.3,True,True,Month-to-month,47,False,True
False,False,Fiber optic,Electronic check,True,83.35,True,False,Month-to-month,33,False,True
False,False,DSL,Credit card (automatic),True,33.5,False,True,Month-to-month,18,False,True
False,False,Fiber optic,Electronic check,True,90.35,True,False,Month-to-month,24,False,True
True,False,Fiber optic,Electronic check,True,90.75,True,False,Month-to-month,1,False,True
False,False,Fiber optic,Mailed check,False,89.6,False,False,Month-to-month,4,True,True
False,False,DSL,Electronic check,True,49.25,True,True,Month-to-month,2,False,True
False,False,No,Mailed check,False,19.75,False,False,Month-to-month,1,True,True
False,False,Fiber optic,Electronic check,True,95.15,True,False,Month-to-month,19,False,True
False,False,Fiber optic,Bank transfer (automatic),True,101.35,True,False,Month-to-month,22,False,True
False,False,Fiber optic,Credit card (automatic),True,70.05,False,False,Month-to-month,4,False,True
True,False,Fiber optic,Electronic check,True,74.65,False,False,Month-to-month,4,False,True
False,False,DSL,Mailed check,False,50.4,False,False,Month-to-month,4,False,True
False,False,Fiber optic,Mailed check,True,79.65,False,False,Month-to-month,7,False,True
False,True,Fiber optic,Electronic check,True,79.85,False,True,Month-to-month,19,False,True
True,False,Fiber optic,Electronic check,True,78.75,False,False,Month-to-month,5,False,True
True,True,Fiber optic,Credit card (automatic),True,80.45,False,False,Month-to-month,8,True,True
False,False,DSL,Mailed check,True,50.1,False,False,Month-to-month,1,False,True
True,False,Fiber optic,Electronic check,False,76.4,False,True,Month-to-month,2,False,True
False,False,Fiber optic,Electronic check,True,98.7,True,True,Month-to-month,3,False,True
False,True,Fiber optic,Electronic check,True,100.8,True,False,Month-to-month,13,False,True
True,False,Fiber optic,Bank transfer (automatic),True,90.1,True,False,One year,28,True,True
False,False,DSL,Electronic check,False,51.55,False,False,Month-to-month,15,False,True
False,True,Fiber optic,Electronic check,True,79.25,True,False,Month-to-month,10,False,True
False,False,Fiber optic,Bank transfer (automatic),True,94.85,True,False,Month-to-month,5,False,True
False,False,Fiber optic,Electronic check,True,85.7,True,False,Month-to-month,2,False,True
False,True,Fiber optic,Electronic check,True,89.5,True,False,Month-to-month,5,False,True
True,True,Fiber optic,Electronic check,True,86.05,False,False,Month-to-month,1,False,True
False,False,DSL,Electronic check,True,44.55,True,False,Month-to-month,4,False,True
True,False,DSL,Bank transfer (automatic),False,35.4,False,False,Month-to-month,31,True,True
False,False,Fiber optic,Mailed check,False,95.65,True,False,Month-to-month,1,False,True
False,False,No,Mailed check,False,20.95,False,False,Month-to-month,1,False,True
False,True,DSL,Electronic check,True,34.7,True,False,Month-to-month,10,False,True
False,False,No,Bank transfer (automatic),False,19.75,False,False,Month-to-month,15,False,True
True,False,Fiber optic,Electronic check,True,92.55,True,False,Month-to-month,17,True,True
True,True,DSL,Electronic check,True,60.05,False,False,One year,53,False,True
True,True,Fiber optic,Credit card (automatic),True,74.3,False,False,Month-to-month,16,False,True
False,False,Fiber optic,Electronic check,True,85.35,False,False,Month-to-month,9,False,True
False,False,DSL,Mailed check,False,74.3,False,True,One year,25,False,True
False,False,Fiber optic,Bank transfer (automatic),True,98.1,True,True,Month-to-month,4,True,True
False,False,Fiber optic,Electronic check,True,109.65,True,False,Two year,50,False,True
False,True,Fiber optic,Electronic check,True,74.55,False,False,Month-to-month,9,False,True
False,False,Fiber optic,Electronic check,True,100.95,True,True,Month-to-month,3,False,True
False,False,Fiber optic,Electronic check,True,94.9,True,True,Month-to-month,10,False,True
True,True,Fiber optic,Electronic check,True,104.9,True,True,Month-to-month,32,False,True
True,False,Fiber optic,Electronic check,True,104.05,True,False,One year,66,False,True
False,False,Fiber optic,Mailed check,True,88.35,False,True,Month-to-month,3,False,True
True,False,Fiber optic,Credit card (automatic),False,94.65,True,False,Month-to-month,29,True,True
True,True,Fiber optic,Electronic check,True,74.4,False,False,Month-to-month,1,False,True
True,False,DSL,Credit card (automatic),False,79.9,True,True,Month-to-month,41,True,True
False,True,Fiber optic,Electronic check,True,69.7,False,False,Month-to-month,8,False,True
True,True,Fiber optic,Electronic check,True,98.1,False,True,Month-to-month,12,False,True
False,False,No,Mailed check,False,20.5,False,False,Month-to-month,1,False,True
True,True,Fiber optic,Electronic check,True,99.6,True,False,Month-to-month,4,False,True
False,False,Fiber optic,Electronic check,True,81.95,True,False,Month-to-month,1,False,True
True,False,Fiber optic,Electronic check,True,69.35,False,False,Month-to-month,7,False,True
False,False,Fiber optic,Electronic check,True,91.1,True,False,Month-to-month,6,False,True
True,False,Fiber optic,Electronic check,True,86.1,False,False,Month-to-month,14,False,True
False,False,Fiber optic,Bank transfer (automatic),True,94.7,True,False,Month-to-month,25,False,True
True,False,Fiber optic,Electronic check,True,85.1,True,False,Month-to-month,22,False,True
True,False,Fiber optic,Electronic check,True,99.15,True,False,Month-to-month,61,True,True
True,True,Fiber optic,Electronic check,True,102.95,True,True,Month-to-month,70,False,True
False,False,DSL,Mailed check,True,45.05,False,False,Month-to-month,1,False,True
False,True,Fiber optic,Electronic check,True,71.0,False,False,Month-to-month,1,True,True
True,True,Fiber optic,Bank transfer (automatic),False,70.55,False,False,Month-to-month,47,True,True
False,False,Fiber optic,Electronic check,True,79.7,True,False,Month-to-month,1,False,True
False,False,DSL,Electronic check,False,59.0,False,False,Month-to-month,22,False,True
False,False,DSL,Credit card (automatic),True,60.35,False,True,One year,48,False,True
True,True,Fiber optic,Electronic check,True,69.25,False,False,Month-to-month,1,True,True
False,False,Fiber optic,Mailed check,False,70.95,False,False,Month-to-month,25,False,True
True,False,Fiber optic,Mailed check,True,89.0,True,False,Month-to-month,20,False,True
True,False,Fiber optic,Electronic check,True,99.4,True,False,Month-to-month,18,False,True
False,False,Fiber optic,Bank transfer (automatic),False,73.5,False,True,Month-to-month,1,False,True
False,False,Fiber optic,Electronic check,True,95.5,True,False,Month-to-month,9,False,True
True,False,Fiber optic,Mailed check,True,92.35,True,False,Month-to-month,28,False,True
False,False,Fiber optic,Electronic check,True,74.55,False,False,Month-to-month,11,False,True
False,True,Fiber optic,Mailed check,True,83.8,False,True,Month-to-month,12,False,True
False,True,DSL,Electronic check,True,54.45,True,True,Month-to-month,53,False,True
True,True,Fiber optic,Electronic check,True,99.8,True,True,Month-to-month,41,False,True
True,False,Fiber optic,Bank transfer (automatic),True,105.85,True,True,Month-to-month,20,True,True
False,False,Fiber optic,Mailed check,False,75.45,False,False,Month-to-month,7,False,True
False,False,Fiber optic,Electronic check,True,93.85,True,False,Month-to-month,7,False,True
False,False,Fiber optic,Electronic check,True,100.75,True,False,Month-to-month,22,False,True
True,False,DSL,Mailed check,True,31.0,False,False,Month-to-month,3,True,True
False,False,Fiber optic,Credit card (automatic),False,80.0,False,True,Month-to-month,51,False,True
False,True,Fiber optic,Mailed check,True,70.25,False,False,Month-to-month,5,False,True
True,False,Fiber optic,Electronic check,True,100.15,True,True,Month-to-month,62,True,True
False,False,Fiber optic,Credit card (automatic),True,94.5,True,False,Month-to-month,28,False,True
False,False,DSL,Mailed check,True,33.9,True,False,Month-to-month,10,False,True
True,True,Fiber optic,Electronic check,True,89.95,False,False,Month-to-month,69,False,True
False,False,Fiber optic,Electronic check,True,84.45,False,False,Month-to-month,12,False,True
False,False,Fiber optic,Electronic check,True,79.5,False,False,Month-to-month,27,True,True
True,False,Fiber optic,Mailed check,False,89.15,True,False,Month-to-month,1,True,True
False,True,Fiber optic,Electronic check,True,74.95,False,False,Month-to-month,14,False,True
False,True,Fiber optic,Electronic check,True,74.4,False,False,Month-to-month,32,False,True
False,False,DSL,Electronic check,True,55.3,True,False,Month-to-month,3,False,True
True,False,DSL,Electronic check,False,55.15,False,False,Month-to-month,22,True,True
True,False,Fiber optic,Electronic check,True,84.95,False,False,Month-to-month,16,False,True
False,False,DSL,Mailed check,True,43.25,False,True,Month-to-month,5,False,True
True,False,DSL,Credit card (automatic),True,48.35,False,False,One year,23,True,True
False,False,Fiber optic,Electronic check,True,79.55,False,False,Month-to-month,1,False,True
True,True,Fiber optic,Electronic check,True,71.05,False,False,Month-to-month,50,False,True
False,False,Fiber optic,Electronic check,False,84.5,False,False,Month-to-month,1,False,True
True,False,Fiber optic,Credit card (automatic),True,108.6,True,True,Two year,71,False,True
False,False,DSL,Bank transfer (automatic),False,30.3,False,False,Month-to-month,46,False,True
False,True,DSL,Electronic check,True,30.4,False,True,Month-to-month,2,False,True
False,False,DSL,Mailed check,True,45.4,False,False,Month-to-month,1,False,True
True,False,Fiber optic,Bank transfer (automatic),False,84.15,True,False,Month-to-month,32,False,True
False,False,No,Electronic check,False,19.75,False,False,Month-to-month,3,False,True
False,False,Fiber optic,Credit card (automatic),True,85.4,True,False,Month-to-month,5,False,True
False,False,Fiber optic,Credit card (automatic),False,75.2,False,False,Month-to-month,49,True,True
False,False,DSL,Mailed check,True,55.85,False,True,One year,17,True,True
False,True,Fiber optic,Electronic check,True,106.4,True,True,Month-to-month,23,False,True
False,False,Fiber optic,Electronic check,True,84.4,True,False,Month-to-month,6,False,True
False,False,DSL,Electronic check,False,56.25,False,False,Month-to-month,6,False,True
False,True,Fiber optic,Electronic check,True,85.55,False,False,Month-to-month,2,False,True
False,False,DSL,Bank transfer (automatic),True,68.65,True,False,Month-to-month,4,False,True
False,False,Fiber optic,Electronic check,False,77.85,False,False,Month-to-month,4,False,True
False,False,Fiber optic,Bank transfer (automatic),True,105.35,True,True,Month-to-month,3,False,True
False,False,Fiber optic,Electronic check,True,87.05,False,False,Month-to-month,8,False,True
False,False,DSL,Mailed check,True,53.5,False,False,Month-to-month,1,False,True
True,True,Fiber optic,Mailed check,True,79.65,False,True,Month-to-month,30,False,True
False,False,DSL,Electronic check,False,54.2,False,False,Month-to-month,5,False,True
False,True,No,Electronic check,True,19.45,False,False,Month-to-month,1,False,True
True,False,Fiber optic,Electronic check,True,103.4,True,True,Two year,72,True,True
False,False,Fiber optic,Electronic check,True,84.45,False,True,Month-to-month,13,False,True
True,True,Fiber optic,Credit card (automatic),True,85.95,False,False,Month-to-month,32,False,True
False,True,DSL,Electronic check,False,59.4,False,False,Month-to-month,16,False,True
False,False,DSL,Electronic check,True,30.6,False,False,Month-to-month,29,False,True
False,True,Fiber optic,Electronic check,True,99.55,True,False,Month-to-month,38,False,True
False,False,Fiber optic,Electronic check,True,70.0,False,False,Month-to-month,17,False,True
False,False,DSL,Electronic check,True,45.3,False,False,Month-to-month,1,False,True
False,False,DSL,Bank transfer (automatic),False,29.85,False,False,Month-to-month,2,False,True
False,True,Fiber optic,Credit card (automatic),True,95.1,True,True,Month-to-month,2,False,True
False,False,No,Mailed check,False,19.8,False,False,Month-to-month,1,False,True
False,False,Fiber optic,Bank transfer (automatic),True,76.65,False,False,Month-to-month,4,False,True
True,False,Fiber optic,Mailed check,True,99.15,True,False,Month-to-month,5,True,True
False,False,DSL,Mailed check,False,44.95,False,False,Month-to-month,9,False,True
True,False,DSL,Mailed check,True,49.55,False,True,Month-to-month,18,False,True
False,False,Fiber optic,Electronic check,True,95.9,True,False,Month-to-month,25,True,True
True,True,Fiber optic,Bank transfer (automatic),False,81.5,True,False,Month-to-month,17,False,True
True,False,Fiber optic,Electronic check,False,84.1,False,False,Month-to-month,52,False,True
True,True,DSL,Mailed check,True,36.45,False,False,Month-to-month,3,False,True
False,False,DSL,Electronic check,True,49.85,False,False,Month-to-month,8,False,True
True,True,DSL,Credit card (automatic),False,55.55,True,True,Month-to-month,43,False,True
True,False,DSL,Bank transfer (automatic),True,69.5,True,False,One year,22,True,True
True,False,Fiber optic,Electronic check,True,104.3,True,True,Month-to-month,54,False,True
False,False,Fiber optic,Electronic check,True,93.85,True,False,Month-to-month,1,False,True
True,False,DSL,Mailed check,False,50.45,False,True,Month-to-month,1,True,True
False,False,DSL,Electronic check,True,74.65,True,False,Month-to-month,7,False,True
False,False,Fiber optic,Electronic check,True,94.2,True,False,Month-to-month,12,False,True
True,False,Fiber optic,Bank transfer (automatic),False,106.55,True,False,One year,54,False,True
False,False,No,Mailed check,False,20.1,False,False,Month-to-month,1,False,True
True,False,Fiber optic,Electronic check,False,83.8,False,True,Month-to-month,23,True,True
False,False,DSL,Mailed check,False,55.15,False,False,Month-to-month,3,False,True
True,True,Fiber optic,Electronic check,True,86.65,True,False,Month-to-month,10,False,True
False,True,Fiber optic,Bank transfer (automatic),True,106.75,True,False,Month-to-month,37,False,True
False,False,Fiber optic,Electronic check,True,78.45,False,False,Month-to-month,31,False,True
True,False,Fiber optic,Electronic check,False,87.45,False,True,Month-to-month,34,True,True
True,False,Fiber optic,Electronic check,True,70.75,False,False,Month-to-month,29,True,True
True,True,Fiber optic,Electronic check,True,101.35,True,False,Month-to-month,12,False,True
False,False,Fiber optic,Electronic check,True,81.7,False,False,Month-to-month,1,False,True
False,False,Fiber optic,Electronic check,False,68.25,False,False,Month-to-month,33,False,True
False,False,Fiber optic,Electronic check,True,79.15,True,False,Month-to-month,4,False,True
False,True,Fiber optic,Electronic check,True,95.45,True,False,Month-to-month,35,False,True
True,False,Fiber optic,Electronic check,True,100.95,True,False,One year,19,True,True
True,False,Fiber optic,Mailed check,True,69.1,False,False,Month-to-month,1,True,True
False,False,Fiber optic,Electronic check,True,103.45,True,True,One year,31,False,True
False,False,Fiber optic,Bank transfer (automatic),False,77.95,False,False,Month-to-month,4,False,True
False,True,Fiber optic,Electronic check,False,78.45,False,False,Month-to-month,1,False,True
False,False,DSL,Mailed check,False,29.5,False,True,Month-to-month,10,False,True
False,False,DSL,Electronic check,True,70.75,True,False,Month-to-month,2,False,True
False,True,Fiber optic,Electronic check,True,84.45,True,False,Month-to-month,9,False,True
False,False,Fiber optic,Electronic check,True,85.65,True,False,Month-to-month,4,False,True
False,True,DSL,Credit card (automatic),True,70.15,False,True,One year,38,False,True
False,True,Fiber optic,Electronic check,True,97.8,True,True,Month-to-month,51,False,True
False,False,DSL,Mailed check,False,46.3,False,False,Month-to-month,1,False,True
False,False,Fiber optic,Electronic check,True,106.3,True,True,Month-to-month,41,False,True
False,False,Fiber optic,Electronic check,True,89.4,True,True,Month-to-month,12,False,True
False,True,Fiber optic,Credit card (automatic),True,83.15,False,False,Month-to-month,5,False,True
False,False,Fiber optic,Mailed check,True,74.15,False,False,Month-to-month,10,False,True
True,False,Fiber optic,Electronic check,True,99.5,True,True,Month-to-month,11,False,True
False,False,DSL,Mailed check,True,44.15,False,False,Month-to-month,1,False,True
False,False,DSL,Mailed check,True,53.9,False,False,Month-to-month,16,False,True
False,False,Fiber optic,Mailed check,True,85.45,True,False,Month-to-month,1,False,True
True,False,DSL,Mailed check,False,50.85,False,False,Month-to-month,4,True,True
False,False,DSL,Electronic check,False,59.2,True,True,Month-to-month,1,True,True
False,False,Fiber optic,Electronic check,True,83.2,False,True,Month-to-month,13,False,True
False,False,DSL,Electronic check,True,54.9,False,False,Month-to-month,1,False,True
True,False,Fiber optic,Electronic check,True,103.9,True,True,Month-to-month,21,False,True
True,False,No,Mailed check,True,19.25,False,False,Month-to-month,11,True,True
False,True,Fiber optic,Mailed check,True,75.45,False,False,Month-to-month,2,False,True
False,True,DSL,Mailed check,False,54.85,False,False,Month-to-month,2,False,True
True,True,Fiber optic,Electronic check,True,95.1,True,False,Month-to-month,1,False,True
True,False,Fiber optic,Electronic check,True,75.5,False,False,Month-to-month,6,False,True
True,False,Fiber optic,Electronic check,True,73.75,False,True,Month-to-month,4,True,True
False,False,Fiber optic,Electronic check,True,96.05,True,False,Month-to-month,12,False,True
False,False,Fiber optic,Electronic check,True,88.95,True,False,Month-to-month,4,False,True
False,False,DSL,Credit card (automatic),False,50.7,False,False,Month-to-month,4,False,True
False,False,DSL,Credit card (automatic),False,53.4,False,False,Month-to-month,3,False,True
True,True,Fiber optic,Electronic check,True,101.9,True,False,Month-to-month,53,False,True
True,False,Fiber optic,Electronic check,True,83.0,False,False,One year,68,True,True
False,False,DSL,Mailed check,False,50.6,False,False,Month-to-month,1,True,True
False,False,Fiber optic,Electronic check,True,89.5,True,False,Month-to-month,10,False,True
False,False,Fiber optic,Electronic check,True,69.8,False,False,Month-to-month,1,False,True
True,True,Fiber optic,Bank transfer (automatic),True,93.8,False,True,Month-to-month,51,False,True
True,False,Fiber optic,Electronic check,True,101.05,True,True,Month-to-month,24,False,True
True,False,Fiber optic,Electronic check,True,94.7,True,False,Month-to-month,18,False,True
True,True,Fiber optic,Bank transfer (automatic),True,104.15,True,True,Two year,72,False,True
True,False,DSL,Credit card (automatic),False,61.45,True,False,Month-to-month,4,True,True
False,False,Fiber optic,Electronic check,True,90.55,True,False,Month-to-month,1,False,True
False,False,Fiber optic,Bank transfer (automatic),True,88.8,True,False,Month-to-month,26,False,True
False,False,Fiber optic,Mailed check,True,85.2,True,False,Month-to-month,7,False,True
False,True,Fiber optic,Electronic check,True,91.4,True,False,Month-to-month,5,False,True
True,False,Fiber optic,Bank transfer (automatic),True,106.15,True,True,Month-to-month,42,False,True
False,False,DSL,Mailed check,True,45.3,False,False,Month-to-month,4,False,True
False,False,Fiber optic,Credit card (automatic),True,73.25,False,False,Month-to-month,2,False,True
True,False,DSL,Electronic check,True,51.05,False,True,Month-to-month,8,True,True
True,False,Fiber optic,Bank transfer (automatic),True,85.35,False,False,Month-to-month,9,True,True
False,True,Fiber optic,Electronic check,True,75.35,False,False,Month-to-month,1,False,True
False,False,Fiber optic,Electronic check,True,75.2,False,False,Month-to-month,43,False,True
False,False,No,Mailed check,False,20.9,False,False,Month-to-month,1,False,True
False,False,DSL,Electronic check,True,43.3,False,False,Month-to-month,3,False,True
True,False,Fiber optic,Bank transfer (automatic),True,109.5,True,True,One year,70,False,True
False,True,Fiber optic,Credit card (automatic),True,84.8,True,False,Month-to-month,11,False,True
True,True,Fiber optic,Electronic check,True,95.05,False,True,Month-to-month,50,False,True
False,True,DSL,Electronic check,False,50.35,False,True,Month-to-month,5,False,True
True,False,Fiber optic,Bank transfer (automatic),True,74.6,False,False,Month-to-month,1,False,True
False,False,No,Mailed check,True,19.7,False,False,Month-to-month,16,False,True
False,False,DSL,Electronic check,True,59.45,True,True,Month-to-month,15,False,True
False,False,Fiber optic,Bank transfer (automatic),True,105.2,True,False,One year,46,True,True
False,False,DSL,Mailed check,True,45.15,False,False,Month-to-month,8,False,True
True,False,Fiber optic,Electronic check,False,93.8,False,True,Month-to-month,31,False,True
False,False,Fiber optic,Electronic check,True,96.2,True,False,Month-to-month,32,False,True
False,False,Fiber optic,Electronic check,True,79.6,True,False,Month-to-month,1,True,True
False,False,Fiber optic,Electronic check,True,85.25,False,False,Month-to-month,20,False,True
False,False,Fiber optic,Electronic check,True,80.5,False,False,Month-to-month,26,False,True
False,True,Fiber optic,Electronic check,True,89.8,True,False,Month-to-month,5,False,True
False,False,DSL,Electronic check,True,50.75,False,False,Month-to-month,1,False,True
True,False,Fiber optic,Credit card (automatic),True,89.65,True,False,Month-to-month,14,True,True
False,False,DSL,Mailed check,True,65.4,True,False,One year,36,False,True
False,False,DSL,Mailed check,True,72.9,True,True,Month-to-month,9,True,True
False,False,DSL,Mailed check,False,40.0,False,True,Month-to-month,5,False,True
False,True,Fiber optic,Credit card (automatic),True,99.45,True,False,Month-to-month,9,False,True
False,False,Fiber optic,Electronic check,True,86.25,False,False,Month-to-month,2,False,True
False,False,Fiber optic,Mailed check,True,70.1,False,False,Month-to-month,8,False,True
False,True,Fiber optic,Bank transfer (automatic),True,70.2,False,False,Month-to-month,2,False,True
False,False,DSL,Electronic check,False,55.35,False,False,Month-to-month,3,False,True
True,True,Fiber optic,Electronic check,True,84.2,False,True,Month-to-month,51,True,True
False,False,DSL,Mailed check,False,45.85,False,False,Month-to-month,2,False,True
False,False,Fiber optic,Electronic check,False,75.25,False,False,Month-to-month,39,False,True
False,False,Fiber optic,Bank transfer (automatic),True,100.15,True,True,Month-to-month,12,False,True
True,True,Fiber optic,Electronic check,False,105.75,True,True,Month-to-month,26,True,True
True,True,DSL,Electronic check,True,48.35,True,True,Month-to-month,18,False,True
False,False,No,Bank transfer (automatic),False,20.95,False,False,Month-to-month,4,False,True
True,True,DSL,Electronic check,True,49.55,False,False,Month-to-month,1,False,True
False,False,No,Mailed check,False,20.25,False,False,Month-to-month,9,False,True
True,True,DSL,Credit card (automatic),False,50.15,False,False,Month-to-month,2,False,True
True,True,Fiber optic,Electronic check,True,95.9,True,True,Month-to-month,29,False,True
False,False,DSL,Electronic check,False,45.15,False,False,Month-to-month,9,False,True
True,False,Fiber optic,Bank transfer (automatic),True,84.4,False,False,Month-to-month,50,True,True
False,False,Fiber optic,Electronic check,True,75.1,False,False,Month-to-month,1,False,True
True,False,DSL,Credit card (automatic),True,70.15,True,False,One year,54,False,True
False,False,Fiber optic,Electronic check,True,101.75,True,False,Month-to-month,42,False,True
False,False,DSL,Electronic check,False,45.8,False,False,Month-to-month,1,False,True
False,False,No,Mailed check,True,20.1,False,False,Month-to-month,1,False,True
True,False,DSL,Mailed check,False,40.65,False,False,Month-to-month,9,False,True
True,True,Fiber optic,Electronic check,True,101.0,True,True,Month-to-month,46,False,True
False,False,Fiber optic,Electronic check,True,69.1,False,False,Month-to-month,1,False,True
False,False,Fiber optic,Mailed check,True,75.0,False,False,Month-to-month,13,False,True
True,False,Fiber optic,Bank transfer (automatic),False,100.0,True,False,One year,19,True,True
False,True,Fiber optic,Electronic check,True,71.15,False,False,Month-to-month,1,False,True
False,False,DSL,Credit card (automatic),True,54.15,True,True,Month-to-month,24,False,True
True,False,Fiber optic,Credit card (automatic),True,108.75,True,True,Two year,67,True,True
True,False,DSL,Electronic check,True,49.15,False,False,Month-to-month,6,False,True
False,False,No,Electronic check,True,19.4,False,False,Month-to-month,20,True,True
False,True,Fiber optic,Electronic check,True,79.15,False,False,Month-to-month,20,False,True
True,True,Fiber optic,Electronic check,True,80.4,True,False,Month-to-month,46,False,True
True,False,Fiber optic,Electronic check,True,102.0,True,False,Month-to-month,11,False,True
False,False,No,Mailed check,False,20.65,False,False,Month-to-month,2,False,True
False,False,Fiber optic,Mailed check,True,70.8,False,False,Month-to-month,1,False,True
False,False,Fiber optic,Credit card (automatic),True,89.05,True,False,Month-to-month,16,False,True
False,False,Fiber optic,Electronic check,True,96.6,True,False,Month-to-month,3,False,True
True,False,Fiber optic,Credit card (automatic),True,104.5,True,True,Month-to-month,57,False,True
False,False,DSL,Mailed check,True,50.6,False,False,Month-to-month,5,False,True
False,False,DSL,Electronic check,False,49.35,False,False,Month-to-month,4,True,True
False,False,Fiber optic,Electronic check,True,94.25,True,False,Month-to-month,7,False,True
True,False,Fiber optic,Electronic check,True,68.95,False,False,Month-to-month,1,False,True
False,False,Fiber optic,Electronic check,True,76.05,False,False,Month-to-month,4,False,True
False,False,Fiber optic,Credit card (automatic),True,89.35,False,True,Month-to-month,7,False,True
True,False,Fiber optic,Electronic check,True,80.35,False,False,Month-to-month,4,False,True
False,True,DSL,Electronic check,True,55.8,False,True,Month-to-month,1,False,True
False,False,Fiber optic,Electronic check,True,79.05,False,False,Month-to-month,1,False,True
True,False,Fiber optic,Electronic check,True,95.0,True,False,Month-to-month,1,False,True
False,True,Fiber optic,Electronic check,True,98.4,True,True,Month-to-month,41,False,True
True,True,DSL,Credit card (automatic),False,79.4,False,True,Two year,66,True,True
False,True,Fiber optic,Electronic check,True,101.4,True,True,Month-to-month,35,False,True
True,True,Fiber optic,Electronic check,True,89.8,True,True,Month-to-month,10,False,True
True,False,Fiber optic,Bank transfer (automatic),False,109.75,True,True,Two year,54,False,True
False,False,No,Credit card (automatic),False,19.3,False,False,One year,2,False,True
False,True,Fiber optic,Electronic check,True,91.25,True,False,Month-to-month,26,False,True
False,False,DSL,Electronic check,True,49.1,False,False,Month-to-month,15,False,True
False,False,DSL,Credit card (automatic),False,65.25,False,True,Month-to-month,31,False,True
False,True,Fiber optic,Electronic check,True,85.45,False,False,Month-to-month,18,False,True
True,False,Fiber optic,Electronic check,True,94.1,False,False,Two year,61,False,True
False,True,Fiber optic,Electronic check,True,71.65,False,False,Month-to-month,1,False,True
True,False,Fiber optic,Electronic check,True,104.65,True,True,Month-to-month,24,False,True
False,False,Fiber optic,Electronic check,True,74.25,False,False,Month-to-month,3,False,True
False,True,Fiber optic,Electronic check,True,74.2,False,False,Month-to-month,1,False,True
True,True,Fiber optic,Electronic check,True,101.0,True,False,Month-to-month,43,False,True
True,False,Fiber optic,Electronic check,True,100.2,True,False,Month-to-month,4,False,True
True,True,Fiber optic,Electronic check,True,89.05,True,False,One year,25,False,True
True,False,DSL,Bank transfer (automatic),True,70.1,True,False,One year,57,True,True
False,False,Fiber optic,Electronic check,True,105.65,True,True,One year,4,False,True
True,True,Fiber optic,Electronic check,True,96.5,True,False,Month-to-month,36,False,True
True,True,Fiber optic,Mailed check,False,70.85,False,False,Month-to-month,1,False,True
False,False,DSL,Credit card (automatic),True,85.95,True,True,One year,35,False,True
False,False,Fiber optic,Electronic check,True,73.9,False,True,Month-to-month,4,False,True
True,False,Fiber optic,Bank transfer (automatic),True,109.45,True,True,Two year,58,False,True
False,False,Fiber optic,Electronic check,True,100.2,True,False,Month-to-month,30,False,True
True,False,Fiber optic,Bank transfer (automatic),True,74.05,False,False,Month-to-month,21,True,True
False,False,Fiber optic,Bank transfer (automatic),True,101.55,True,True,Month-to-month,3,False,True
True,True,Fiber optic,Electronic check,True,111.95,True,True,One year,41,True,True
True,False,DSL,Electronic check,True,55.95,True,True,One year,21,True,True
False,False,DSL,Electronic check,False,45.75,False,False,Month-to-month,1,False,True
False,False,Fiber optic,Electronic check,False,74.95,False,False,Month-to-month,11,False,True
False,False,Fiber optic,Credit card (automatic),False,80.15,True,False,Month-to-month,1,False,True
True,False,Fiber optic,Electronic check,True,109.25,True,True,One year,72,False,True
False,False,DSL,Credit card (automatic),False,35.2,False,False,Month-to-month,3,False,True
True,False,Fiber optic,Electronic check,False,78.8,False,False,Month-to-month,1,False,True
False,False,Fiber optic,Electronic check,True,106.4,True,True,Month-to-month,47,False,True
False,False,DSL,Electronic check,False,49.4,False,False,Month-to-month,18,False,True
False,True,Fiber optic,Electronic check,False,69.1,False,False,Month-to-month,1,False,True
True,False,Fiber optic,Electronic check,True,90.2,True,False,Month-to-month,20,True,True
False,False,Fiber optic,Bank transfer (automatic),True,93.55,True,False,Month-to-month,6,False,True
False,False,Fiber optic,Mailed check,True,80.85,True,False,Month-to-month,1,False,True
True,False,Fiber optic,Mailed check,True,82.05,True,False,One year,48,True,True
True,False,No,Credit card (automatic),True,20.55,False,False,Month-to-month,3,False,True
False,True,Fiber optic,Electronic check,True,78.55,False,True,Month-to-month,2,False,True
False,False,Fiber optic,Electronic check,False,78.65,True,False,Month-to-month,1,True,True
False,False,DSL,Electronic check,True,42.9,False,False,Month-to-month,1,False,True
False,False,DSL,Mailed check,False,34.25,False,False,Month-to-month,3,False,True
False,False,DSL,Mailed check,False,58.5,True,True,Month-to-month,9,False,True
False,True,Fiber optic,Electronic check,True,96.2,True,False,Month-to-month,49,False,True
False,True,Fiber optic,Electronic check,False,74.4,False,True,Month-to-month,6,False,True
True,False,Fiber optic,Electronic check,True,105.3,True,True,Month-to-month,6,False,True
True,False,Fiber optic,Bank transfer (automatic),True,73.85,False,False,Month-to-month,16,False,True
True,True,Fiber optic,Electronic check,True,84.55,True,False,Month-to-month,7,False,True
False,False,No,Credit card (automatic),False,24.75,False,False,Two year,25,False,True
False,True,Fiber optic,Credit card (automatic),True,85.8,True,False,Month-to-month,20,False,True
False,False,Fiber optic,Electronic check,True,105.7,True,True,Month-to-month,28,False,True
False,False,Fiber optic,Electronic check,True,76.5,False,False,Month-to-month,11,False,True
False,False,Fiber optic,Electronic check,True,93.5,True,False,Month-to-month,4,False,True
True,True,Fiber optic,Credit card (automatic),True,101.5,True,False,One year,54,False,True
False,False,Fiber optic,Bank transfer (automatic),True,74.9,False,False,Month-to-month,28,True,True
False,True,Fiber optic,Electronic check,True,69.6,False,False,Month-to-month,2,False,True
False,False,No,Mailed check,True,24.05,False,False,Month-to-month,1,False,True
False,False,DSL,Electronic check,False,50.55,False,False,Month-to-month,1,False,True
False,False,Fiber optic,Electronic check,True,100.55,True,False,Month-to-month,14,False,True
True,False,No,Mailed check,True,20.5,False,False,Month-to-month,1,True,True
False,False,Fiber optic,Bank transfer (automatic),True,74.8,False,True,Month-to-month,4,False,True
False,False,Fiber optic,Credit card (automatic),True,71.0,False,False,Month-to-month,14,False,True
False,True,DSL,Electronic check,True,40.3,False,True,Month-to-month,30,False,True
False,False,DSL,Electronic check,True,50.6,True,False,Month-to-month,3,False,True
True,False,Fiber optic,Electronic check,True,84.85,False,True,Month-to-month,40,True,True
True,False,DSL,Mailed check,False,65.7,True,False,Month-to-month,2,True,True
False,False,Fiber optic,Electronic check,False,70.5,False,False,Month-to-month,1,False,True
False,False,Fiber optic,Electronic check,True,94.85,True,True,Month-to-month,10,False,True
False,False,No,Mailed check,False,19.75,False,False,Month-to-month,1,False,True
True,False,DSL,Electronic check,True,65.45,False,False,Month-to-month,14,True,True
True,True,Fiber optic,Electronic check,True,98.7,True,True,Month-to-month,58,False,True
True,False,DSL,Bank transfer (automatic),True,67.5,False,True,One year,22,True,True
False,False,Fiber optic,Electronic check,True,69.6,False,False,Month-to-month,1,False,True
True,False,DSL,Electronic check,False,84.35,True,True,One year,49,False,True
True,True,Fiber optic,Electronic check,True,100.2,True,False,Month-to-month,68,False,True
False,False,Fiber optic,Electronic check,False,78.05,False,False,Month-to-month,1,False,True
False,False,Fiber optic,Electronic check,False,73.6,False,False,Month-to-month,7,False,True
False,False,Fiber optic,Electronic check,True,74.75,False,False,Month-to-month,9,False,True
True,True,Fiber optic,Electronic check,True,93.55,True,False,Month-to-month,24,False,True
True,True,Fiber optic,Electronic check,True,95.55,True,True,Month-to-month,27,False,True
False,False,DSL,Electronic check,True,39.3,False,False,Month-to-month,57,False,True
False,False,No,Mailed check,True,20.25,False,False,Month-to-month,1,False,True
False,False,Fiber optic,Electronic check,True,85.45,False,True,Month-to-month,1,False,True
False,False,Fiber optic,Bank transfer (automatic),False,99.9,True,False,One year,63,False,True
False,False,Fiber optic,Electronic check,True,84.8,True,False,Month-to-month,25,False,True
True,False,Fiber optic,Electronic check,True,75.2,False,False,Month-to-month,35,False,True
True,False,DSL,Electronic check,False,49.35,True,False,Two year,71,False,True
False,False,Fiber optic,Electronic check,True,74.9,False,False,Month-to-month,6,False,True
False,False,Fiber optic,Electronic check,True,101.25,True,True,Month-to-month,15,False,True
False,False,No,Mailed check,True,18.95,False,False,Month-to-month,9,False,True
False,False,DSL,Credit card (automatic),False,28.6,False,False,Month-to-month,37,False,True
False,True,Fiber optic,Electronic check,False,98.65,True,False,Month-to-month,29,False,True
True,True,Fiber optic,Bank transfer (automatic),True,79.9,False,True,Month-to-month,5,False,True
False,True,Fiber optic,Electronic check,True,103.3,True,True,Month-to-month,28,False,True
True,False,Fiber optic,Credit card (automatic),True,96.2,False,False,Month-to-month,11,False,True
True,False,Fiber optic,Electronic check,True,104.15,True,True,One year,55,False,True
False,True,Fiber optic,Credit card (automatic),True,102.95,True,True,Month-to-month,24,False,True
False,False,Fiber optic,Electronic check,False,90.6,True,False,Month-to-month,1,False,True
False,False,DSL,Bank transfer (automatic),True,50.8,False,False,Month-to-month,6,False,True
False,False,Fiber optic,Electronic check,True,90.05,True,False,Month-to-month,4,False,True
True,False,Fiber optic,Electronic check,True,75.85,False,False,Month-to-month,3,False,True
True,False,Fiber optic,Electronic check,True,68.5,False,False,Month-to-month,1,True,True
False,False,Fiber optic,Electronic check,True,73.5,False,False,Month-to-month,11,False,True
False,False,Fiber optic,Mailed check,True,69.95,False,False,Month-to-month,1,False,True
False,False,DSL,Electronic check,True,70.05,True,True,Month-to-month,5,False,True
False,False,Fiber optic,Electronic check,True,94.0,False,True,Month-to-month,8,False,True
True,False,DSL,Mailed check,False,61.15,False,True,Month-to-month,22,True,True
True,False,Fiber optic,Electronic check,True,84.45,False,False,Month-to-month,29,False,True
True,False,DSL,Mailed check,True,75.3,True,True,One year,13,False,True
True,True,Fiber optic,Mailed check,True,109.55,True,True,One year,43,False,True
False,False,No,Mailed check,True,19.6,False,False,Month-to-month,3,False,True
False,True,DSL,Bank transfer (automatic),False,66.4,False,True,Month-to-month,2,False,True
True,True,Fiber optic,Credit card (automatic),True,100.05,True,False,Month-to-month,66,False,True
False,False,Fiber optic,Electronic check,False,102.0,True,False,One year,62,False,True
True,False,Fiber optic,Credit card (automatic),False,90.2,False,True,Month-to-month,17,False,True
True,False,No,Credit card (automatic),True,25.15,False,False,Two year,56,False,True
False,False,Fiber optic,Credit card (automatic),True,79.85,False,False,Month-to-month,31,False,True
False,False,DSL,Mailed check,True,49.6,False,False,Month-to-month,2,False,True
True,True,Fiber optic,Credit card (automatic),True,105.95,True,True,One year,66,False,True
False,False,Fiber optic,Electronic check,False,91.85,True,True,Month-to-month,3,True,True
True,False,DSL,Electronic check,False,40.1,False,False,Month-to-month,1,True,True
False,True,Fiber optic,Electronic check,True,73.9,False,False,Month-to-month,31,False,True
False,False,Fiber optic,Mailed check,True,89.8,True,False,Month-to-month,14,False,True
True,False,DSL,Electronic check,False,72.25,False,True,Month-to-month,35,True,True
False,True,Fiber optic,Electronic check,True,96.55,True,False,Month-to-month,37,False,True
False,False,DSL,Credit card (automatic),True,40.1,True,False,Month-to-month,7,False,True
False,True,Fiber optic,Electronic check,True,101.25,True,False,Month-to-month,24,False,True
False,False,Fiber optic,Electronic check,False,79.55,False,False,Month-to-month,1,False,True
False,False,Fiber optic,Electronic check,False,84.05,False,False,One year,32,False,True
False,False,Fiber optic,Electronic check,True,89.1,True,False,Month-to-month,1,False,True
True,False,Fiber optic,Electronic check,False,94.4,False,True,Month-to-month,17,True,True
False,False,Fiber optic,Electronic check,True,78.25,False,True,Month-to-month,19,False,True
False,True,DSL,Electronic check,True,44.15,False,False,Month-to-month,2,False,True
False,True,Fiber optic,Electronic check,True,75.75,False,False,Month-to-month,8,False,True
False,False,No,Mailed check,True,19.1,False,False,Month-to-month,1,False,True
True,True,Fiber optic,Electronic check,True,80.3,False,False,Month-to-month,1,False,True
False,False,Fiber optic,Electronic check,True,74.9,False,True,Month-to-month,1,False,True
False,True,Fiber optic,Electronic check,True,80.85,False,False,Month-to-month,9,False,True
False,True,Fiber optic,Credit card (automatic),True,90.85,True,True,Month-to-month,49,False,True
True,False,Fiber optic,Bank transfer (automatic),False,79.7,False,True,Month-to-month,2,False,True
True,False,DSL,Bank transfer (automatic),False,57.55,False,False,Two year,55,True,True
True,False,Fiber optic,Electronic check,True,86.5,True,False,Month-to-month,21,False,True
True,False,Fiber optic,Electronic check,True,103.95,True,True,Month-to-month,69,True,True
False,False,DSL,Credit card (automatic),True,48.95,False,False,Month-to-month,39,False,True
True,False,Fiber optic,Credit card (automatic),True,83.55,True,False,Month-to-month,6,True,True
False,True,Fiber optic,Electronic check,True,89.15,False,True,Month-to-month,17,False,True
False,False,Fiber optic,Mailed check,True,70.45,False,False,Month-to-month,1,True,True
True,False,DSL,Credit card (automatic),False,60.3,False,True,One year,58,False,True
True,False,Fiber optic,Electronic check,False,103.3,True,True,Month-to-month,19,True,True
False,False,Fiber optic,Electronic check,True,78.5,False,False,Month-to-month,3,False,True
False,False,No,Mailed check,False,19.85,False,False,Month-to-month,3,False,True
False,True,Fiber optic,Electronic check,True,79.9,False,False,Month-to-month,3,False,True
False,True,Fiber optic,Electronic check,True,99.7,True,False,Month-to-month,30,False,True
False,False,DSL,Credit card (automatic),True,58.6,False,False,Month-to-month,15,False,True
True,False,Fiber optic,Electronic check,True,98.5,True,True,Month-to-month,10,False,True
False,False,DSL,Mailed check,True,50.45,False,True,Month-to-month,1,False,True
True,False,Fiber optic,Electronic check,True,94.65,False,True,Month-to-month,38,True,True
False,False,Fiber optic,Credit card (automatic),True,100.25,True,False,Month-to-month,1,False,True
False,False,Fiber optic,Electronic check,True,88.45,True,True,Month-to-month,16,False,True
False,False,Fiber optic,Electronic check,True,69.85,False,False,Month-to-month,1,False,True
False,False,Fiber optic,Bank transfer (automatic),False,81.7,False,True,Month-to-month,12,False,True
False,False,Fiber optic,Electronic check,True,79.9,True,False,Month-to-month,4,False,True
False,False,No,Credit card (automatic),True,25.4,False,False,Month-to-month,15,False,True
True,True,Fiber optic,Bank transfer (automatic),True,83.75,False,True,Month-to-month,41,False,True
True,False,Fiber optic,Mailed check,True,69.4,False,False,Month-to-month,1,False,True
False,False,Fiber optic,Electronic check,True,74.9,False,False,Month-to-month,7,False,True
True,True,Fiber optic,Credit card (automatic),True,74.15,False,False,Month-to-month,42,False,True
False,False,Fiber optic,Electronic check,True,70.1,False,False,Month-to-month,1,False,True
False,False,Fiber optic,Electronic check,True,78.3,False,False,Month-to-month,12,True,True
False,False,Fiber optic,Electronic check,True,96.8,True,False,Month-to-month,55,False,True
False,False,Fiber optic,Electronic check,True,94.4,False,False,Month-to-month,17,False,True
False,False,Fiber optic,Electronic check,False,84.3,False,False,Month-to-month,1,False,True
True,True,DSL,Credit card (automatic),False,92.45,True,True,Two year,72,True,True
True,True,Fiber optic,Electronic check,True,99.55,True,True,Month-to-month,11,False,True
False,True,Fiber optic,Electronic check,True,81.25,False,True,Month-to-month,8,False,True
True,False,No,Bank transfer (automatic),False,19.95,False,False,Month-to-month,1,True,True
True,False,Fiber optic,Electronic check,True,99.25,False,True,Month-to-month,23,False,True
False,False,Fiber optic,Electronic check,True,80.45,False,True,Two year,39,False,True
True,False,Fiber optic,Bank transfer (automatic),True,79.35,False,True,Month-to-month,9,True,True
False,False,Fiber optic,Electronic check,True,79.75,False,False,Month-to-month,15,False,True
True,False,Fiber optic,Electronic check,True,100.05,True,True,Month-to-month,30,True,True
False,False,Fiber optic,Electronic check,True,69.35,False,False,Month-to-month,1,False,True
False,False,Fiber optic,Electronic check,False,85.8,True,False,Month-to-month,3,False,True
True,False,DSL,Electronic check,True,79.7,True,True,Two year,67,True,True
False,True,DSL,Mailed check,False,50.55,False,False,Month-to-month,1,False,True
True,False,Fiber optic,Electronic check,True,80.55,False,False,Month-to-month,1,False,True
True,False,Fiber optic,Electronic check,True,84.5,False,True,Month-to-month,12,True,True
False,False,Fiber optic,Mailed check,True,84.3,True,False,Month-to-month,22,False,True
False,False,Fiber optic,Electronic check,True,67.75,False,False,Month-to-month,2,False,True
False,True,Fiber optic,Electronic check,True,85.25,True,False,Month-to-month,27,False,True
False,False,Fiber optic,Bank transfer (automatic),True,80.05,False,False,Month-to-month,10,False,True
False,False,No,Mailed check,False,20.0,False,False,Month-to-month,1,False,True
False,False,DSL,Credit card (automatic),True,48.8,False,False,Month-to-month,22,False,True
False,True,Fiber optic,Electronic check,True,85.05,True,False,Month-to-month,1,False,True
True,False,Fiber optic,Electronic check,True,102.8,True,True,Month-to-month,21,True,True
False,False,Fiber optic,Mailed check,True,99.95,True,True,Month-to-month,6,False,True
True,False,Fiber optic,Bank transfer (automatic),True,117.8,True,True,One year,72,False,True
False,True,Fiber optic,Electronic check,True,79.5,False,False,Month-to-month,54,False,True
True,False,Fiber optic,Bank transfer (automatic),True,79.65,False,False,Month-to-month,3,False,True
False,False,Fiber optic,Electronic check,True,94.7,True,True,Month-to-month,8,False,True
False,False,Fiber optic,Electronic check,True,92.5,False,True,Month-to-month,5,False,True
True,False,No,Mailed check,False,19.45,False,False,Month-to-month,1,True,True
False,False,Fiber optic,Electronic check,True,75.55,False,False,Month-to-month,2,False,True
True,False,Fiber optic,Electronic check,True,70.0,False,False,Month-to-month,1,True,True
True,False,DSL,Bank transfer (automatic),True,74.8,True,False,Two year,65,True,True
True,False,Fiber optic,Electronic check,True,104.4,True,True,Month-to-month,33,False,True
False,False,Fiber optic,Electronic check,False,86.2,False,False,Month-to-month,15,False,True
True,False,DSL,Credit card (automatic),False,51.2,True,False,Month-to-month,30,True,True
False,False,No,Mailed check,False,19.5,False,False,Month-to-month,2,False,True
False,True,Fiber optic,Electronic check,True,74.9,False,False,Month-to-month,4,False,True
False,False,Fiber optic,Credit card (automatic),False,74.9,False,False,Month-to-month,2,False,True
False,False,Fiber optic,Electronic check,True,100.25,True,False,Month-to-month,25,False,True
False,True,Fiber optic,Mailed check,True,102.8,True,False,Month-to-month,25,False,True
False,False,Fiber optic,Electronic check,True,100.0,True,False,One year,43,False,True
True,False,Fiber optic,Electronic check,True,99.85,True,False,Month-to-month,10,False,True
False,False,Fiber optic,Bank transfer (automatic),True,94.2,True,False,Month-to-month,2,True,True
False,True,Fiber optic,Electronic check,True,83.85,True,False,Month-to-month,9,False,True
False,True,Fiber optic,Credit card (automatic),False,88.3,True,True,Month-to-month,27,False,True
False,False,Fiber optic,Bank transfer (automatic),True,104.05,True,True,One year,69,False,True
True,False,Fiber optic,Credit card (automatic),True,94.7,True,True,Month-to-month,22,False,True
True,True,Fiber optic,Bank transfer (automatic),True,100.65,True,True,Month-to-month,56,False,True
True,True,DSL,Bank transfer (automatic),True,80.55,True,True,Two year,66,False,True
True,True,Fiber optic,Electronic check,True,78.85,False,False,Month-to-month,24,False,True
False,False,DSL,Mailed check,True,44.45,False,False,Month-to-month,1,False,True
False,False,Fiber optic,Electronic check,True,84.9,True,False,Month-to-month,36,False,True
False,False,No,Mailed check,False,20.25,False,False,Month-to-month,1,False,True
False,False,Fiber optic,Electronic check,True,74.35,False,False,Month-to-month,1,False,True
False,False,DSL,Mailed check,False,62.05,False,True,Month-to-month,1,False,True
True,False,DSL,Credit card (automatic),False,80.0,True,True,One year,39,True,True
False,False,Fiber optic,Mailed check,False,104.1,True,True,Month-to-month,5,False,True
True,True,DSL,Bank transfer (automatic),False,39.1,True,False,Month-to-month,24,False,True
False,False,Fiber optic,Electronic check,True,76.5,False,False,Month-to-month,2,False,True
False,False,DSL,Electronic check,True,49.2,False,False,Month-to-month,5,False,True
False,False,No,Credit card (automatic),False,23.15,False,False,Month-to-month,11,False,True
True,False,Fiber optic,Electronic check,False,80.85,True,False,Month-to-month,4,True,True
False,False,DSL,Mailed check,False,60.1,False,False,Month-to-month,1,False,True
False,False,Fiber optic,Electronic check,True,78.95,False,False,Month-to-month,1,False,True
False,False,DSL,Electronic check,True,45.15,False,False,Month-to-month,2,False,True
False,False,Fiber optic,Electronic check,True,79.4,False,False,Month-to-month,3,False,True
False,False,DSL,Mailed check,True,53.95,True,True,One year,44,False,True
True,False,Fiber optic,Credit card (automatic),True,99.3,True,True,Month-to-month,24,False,True
False,False,Fiber optic,Electronic check,True,80.65,False,False,Month-to-month,18,False,True
False,False,Fiber optic,Mailed check,False,71.1,False,False,Month-to-month,1,False,True
True,True,Fiber optic,Electronic check,True,106.25,True,True,One year,65,False,True
True,False,No,Bank transfer (automatic),False,20.8,False,False,One year,53,False,True
False,True,Fiber optic,Electronic check,True,94.0,True,False,Month-to-month,1,False,True
False,True,Fiber optic,Electronic check,False,89.85,True,False,Month-to-month,15,False,True
False,False,DSL,Mailed check,True,46.0,False,False,Month-to-month,4,False,True
False,False,DSL,Mailed check,False,66.25,False,False,Month-to-month,9,False,True
False,False,Fiber optic,Electronic check,True,90.0,False,False,Month-to-month,22,False,True
False,False,Fiber optic,Bank transfer (automatic),True,70.45,False,False,One year,38,False,True
False,False,No,Bank transfer (automatic),False,19.75,False,False,Two year,53,True,True
False,False,DSL,Electronic check,True,53.95,False,False,Month-to-month,1,False,True
False,True,Fiber optic,Electronic check,True,105.5,True,True,Month-to-month,8,False,True
False,False,Fiber optic,Electronic check,True,81.0,False,False,Month-to-month,16,True,True
True,False,Fiber optic,Electronic check,True,69.8,False,False,Month-to-month,1,True,True
False,True,Fiber optic,Mailed check,False,73.75,False,False,Month-to-month,7,False,True
False,True,DSL,Electronic check,False,54.55,False,False,Month-to-month,9,False,True
False,True,Fiber optic,Electronic check,True,76.25,False,False,Month-to-month,37,False,True
False,False,Fiber optic,Mailed check,True,93.9,True,False,Month-to-month,5,False,True
False,True,Fiber optic,Electronic check,True,70.4,False,False,Month-to-month,3,False,True
True,False,Fiber optic,Electronic check,True,91.15,True,False,Month-to-month,31,True,True
False,False,Fiber optic,Electronic check,True,70.95,False,False,Month-to-month,2,False,True
True,False,Fiber optic,Electronic check,True,99.5,True,True,Month-to-month,37,False,True
False,False,Fiber optic,Credit card (automatic),True,83.9,False,True,Month-to-month,38,False,True
True,True,Fiber optic,Electronic check,False,117.45,True,True,Month-to-month,48,False,True
False,False,Fiber optic,Electronic check,True,104.4,True,True,Month-to-month,10,False,True
False,True,DSL,Electronic check,True,29.4,False,True,Month-to-month,8,False,True
False,False,DSL,Mailed check,False,44.65,False,False,Month-to-month,2,False,True
False,False,Fiber optic,Bank transfer (automatic),False,84.05,False,True,Month-to-month,4,True,True
True,True,Fiber optic,Electronic check,True,85.7,False,False,Month-to-month,37,False,True
False,False,Fiber optic,Electronic check,True,74.7,False,False,Month-to-month,1,False,True
False,False,Fiber optic,Electronic check,True,90.8,False,False,Month-to-month,5,False,True
False,True,Fiber optic,Electronic check,True,106.15,True,True,Month-to-month,28,False,True
False,False,DSL,Bank transfer (automatic),False,85.35,True,True,One year,30,False,True
False,True,Fiber optic,Electronic check,True,90.85,False,False,Month-to-month,36,False,True
False,False,DSL,Electronic check,True,35.75,False,False,Month-to-month,1,False,True
True,True,DSL,Electronic check,False,46.0,False,False,Month-to-month,4,True,True
True,False,Fiber optic,Electronic check,True,89.4,False,True,Month-to-month,17,True,True
False,False,No,Mailed check,True,19.8,False,False,Month-to-month,3,False,True
True,False,DSL,Electronic check,True,50.9,False,False,Month-to-month,4,True,True
False,False,Fiber optic,Electronic check,True,81.0,False,False,Month-to-month,4,False,True
False,False,Fiber optic,Electronic check,True,98.35,True,True,Month-to-month,26,False,True
False,False,DSL,Mailed check,True,51.0,True,False,Month-to-month,5,False,True
True,False,Fiber optic,Electronic check,True,91.65,False,False,Month-to-month,4,False,True
False,False,Fiber optic,Electronic check,True,90.85,True,False,Month-to-month,1,True,True
False,False,Fiber optic,Mailed check,False,69.4,False,False,Month-to-month,1,False,True
False,True,Fiber optic,Credit card (automatic),True,94.45,True,True,Month-to-month,8,False,True
True,False,No,Credit card (automatic),True,20.15,False,False,Month-to-month,1,True,True
False,True,Fiber optic,Electronic check,True,95.7,True,False,Month-to-month,50,False,True
False,False,Fiber optic,Bank transfer (automatic),True,74.95,False,False,Month-to-month,26,False,True
False,False,DSL,Electronic check,True,47.95,True,True,Month-to-month,6,False,True
False,False,DSL,Electronic check,True,63.6,False,False,Month-to-month,3,False,True
False,False,DSL,Mailed check,True,36.85,False,False,Month-to-month,3,False,True
False,False,DSL,Electronic check,True,44.1,False,False,Month-to-month,1,False,True
False,False,DSL,Electronic check,True,50.75,True,True,Month-to-month,14,False,True
True,True,Fiber optic,Credit card (automatic),True,104.4,True,True,One year,61,False,True
True,True,DSL,Electronic check,True,39.3,False,False,Month-to-month,40,False,True
False,False,Fiber optic,Electronic check,True,106.45,True,True,One year,58,False,True
False,False,Fiber optic,Electronic check,True,96.05,True,False,Month-to-month,18,False,True
False,False,Fiber optic,Bank transfer (automatic),True,75.1,False,False,Month-to-month,7,False,True
False,True,DSL,Electronic check,True,44.7,False,False,Month-to-month,2,False,True
False,False,DSL,Credit card (automatic),True,55.0,False,True,Month-to-month,19,False,True
True,False,Fiber optic,Electronic check,True,74.35,False,False,Month-to-month,11,True,True
True,False,Fiber optic,Credit card (automatic),True,104.7,True,True,One year,39,False,True
False,False,DSL,Mailed check,True,55.7,False,False,Month-to-month,15,False,True
False,False,No,Credit card (automatic),False,19.85,False,False,Month-to-month,5,False,True
False,False,Fiber optic,Electronic check,True,70.3,False,False,Month-to-month,1,False,True
True,True,Fiber optic,Electronic check,False,85.55,True,False,Month-to-month,10,False,True
False,False,Fiber optic,Mailed check,False,94.5,True,True,Month-to-month,6,True,True
True,True,Fiber optic,Credit card (automatic),True,85.35,True,False,Month-to-month,16,False,True
False,False,Fiber optic,Mailed check,True,79.65,False,False,Month-to-month,2,False,True
False,True,Fiber optic,Electronic check,True,79.6,True,False,Month-to-month,2,False,True
False,True,Fiber optic,Electronic check,True,90.6,False,False,Month-to-month,19,False,True
False,False,No,Bank transfer (automatic),True,20.2,False,False,Month-to-month,1,False,True
True,False,Fiber optic,Credit card (automatic),True,106.05,True,True,Two year,66,False,True
False,False,Fiber optic,Electronic check,True,99.15,True,False,Month-to-month,36,False,True
True,False,DSL,Electronic check,False,55.9,True,True,Month-to-month,39,False,True
False,False,Fiber optic,Electronic check,True,82.35,False,False,Month-to-month,21,False,True
False,False,DSL,Credit card (automatic),True,40.4,False,True,Month-to-month,2,False,True
False,False,Fiber optic,Electronic check,False,75.35,False,False,Month-to-month,4,False,True
False,False,Fiber optic,Electronic check,True,85.15,False,True,One year,35,True,True
True,False,Fiber optic,Electronic check,True,93.8,True,True,One year,33,True,True
False,False,No,Electronic check,True,20.4,False,False,One year,45,False,True
True,True,Fiber optic,Credit card (automatic),True,94.7,True,False,Month-to-month,7,False,True
False,False,DSL,Credit card (automatic),True,30.5,False,False,Month-to-month,6,False,True
False,True,Fiber optic,Electronic check,True,77.0,False,False,Month-to-month,3,False,True
False,False,No,Credit card (automatic),False,20.1,False,False,Month-to-month,11,True,True
False,False,Fiber optic,Electronic check,False,75.3,False,True,Month-to-month,1,False,True
True,True,Fiber optic,Credit card (automatic),True,99.2,True,False,One year,40,False,True
False,True,Fiber optic,Mailed check,False,85.5,True,False,Month-to-month,47,False,True
False,False,No,Mailed check,False,20.05,False,False,Month-to-month,7,False,True
False,False,Fiber optic,Electronic check,False,70.4,False,False,Month-to-month,1,False,True
True,False,DSL,Electronic check,True,49.75,False,False,One year,7,True,True
False,True,Fiber optic,Credit card (automatic),True,75.3,False,False,Month-to-month,15,False,True
True,False,Fiber optic,Electronic check,True,94.0,True,False,Month-to-month,11,False,True
False,False,Fiber optic,Bank transfer (automatic),True,118.35,True,True,One year,67,False,True
False,False,DSL,Electronic check,True,30.45,False,False,Month-to-month,8,False,True
True,False,Fiber optic,Electronic check,True,96.1,True,False,Month-to-month,44,False,True
True,True,Fiber optic,Electronic check,True,104.25,True,True,Month-to-month,24,False,True
False,True,Fiber optic,Electronic check,True,80.2,False,False,Month-to-month,15,False,True
True,False,Fiber optic,Electronic check,True,104.2,True,True,Month-to-month,17,True,True
False,True,Fiber optic,Electronic check,True,69.65,False,False,Month-to-month,1,False,True
False,False,Fiber optic,Electronic check,True,80.8,True,False,Month-to-month,9,False,True
False,False,Fiber optic,Mailed check,True,80.3,False,False,Month-to-month,7,False,True
True,True,Fiber optic,Electronic check,True,84.1,True,False,Month-to-month,36,False,True
False,False,DSL,Electronic check,True,69.35,True,False,Month-to-month,3,False,True
True,True,Fiber optic,Mailed check,True,79.6,False,False,Month-to-month,34,True,True
False,True,DSL,Electronic check,True,36.45,False,False,Month-to-month,1,False,True
False,False,Fiber optic,Electronic check,True,89.4,False,True,Month-to-month,22,True,True
True,True,Fiber optic,Electronic check,False,80.35,False,False,Month-to-month,47,False,True
True,True,DSL,Credit card (automatic),True,40.65,True,True,Month-to-month,24,False,True
True,False,DSL,Electronic check,True,60.45,True,True,One year,53,False,True
True,False,Fiber optic,Electronic check,True,84.9,True,False,Month-to-month,8,False,True
True,False,Fiber optic,Bank transfer (automatic),True,73.55,False,False,Month-to-month,2,True,True
True,False,No,Bank transfer (automatic),False,20.15,False,False,Month-to-month,8,False,True
True,False,DSL,Mailed check,False,34.7,False,True,One year,48,False,True
True,True,Fiber optic,Electronic check,True,107.55,True,True,One year,43,False,True
True,True,Fiber optic,Electronic check,True,98.75,True,True,Month-to-month,16,False,True
True,False,Fiber optic,Electronic check,False,101.15,True,True,Month-to-month,8,False,True
False,False,Fiber optic,Electronic check,True,88.7,False,True,Month-to-month,20,False,True
False,False,Fiber optic,Electronic check,True,79.75,False,False,Month-to-month,2,False,True
False,False,Fiber optic,Mailed check,True,94.55,True,False,Month-to-month,27,False,True
False,True,Fiber optic,Mailed check,True,69.05,False,False,Month-to-month,5,False,True
True,False,Fiber optic,Bank transfer (automatic),True,96.25,True,True,Two year,52,True,True
False,True,Fiber optic,Electronic check,True,101.1,True,True,Month-to-month,37,False,True
False,False,Fiber optic,Bank transfer (automatic),True,104.7,True,False,One year,69,False,True
False,False,DSL,Mailed check,True,55.25,False,False,Month-to-month,40,True,True
False,False,Fiber optic,Electronic check,True,90.1,False,False,Month-to-month,6,False,True
False,False,DSL,Electronic check,False,53.75,False,True,Month-to-month,11,False,True
False,False,Fiber optic,Electronic check,False,89.3,True,False,Month-to-month,6,False,True
True,False,Fiber optic,Electronic check,True,95.2,True,False,Month-to-month,3,False,True
False,True,DSL,Electronic check,False,45.7,True,False,Month-to-month,5,False,True
True,False,Fiber optic,Electronic check,True,74.5,False,False,Month-to-month,8,False,True
False,False,Fiber optic,Electronic check,True,79.65,False,False,Month-to-month,1,False,True
True,True,Fiber optic,Credit card (automatic),True,101.3,True,False,Month-to-month,28,False,True
True,False,Fiber optic,Mailed check,True,80.05,False,False,Month-to-month,1,True,True
True,False,Fiber optic,Electronic check,True,89.2,True,True,Month-to-month,29,True,True
True,False,Fiber optic,Electronic check,True,83.65,True,False,Month-to-month,19,True,True
True,False,No,Bank transfer (automatic),False,19.5,False,False,Month-to-month,6,False,True
False,False,DSL,Mailed check,False,51.25,False,False,Month-to-month,1,False,True
False,False,DSL,Electronic check,True,45.6,False,False,Month-to-month,1,False,True
False,False,DSL,Bank transfer (automatic),True,49.65,False,False,Month-to-month,6,False,True
True,False,No,Electronic check,True,20.0,False,False,Month-to-month,15,True,True
True,False,DSL,Bank transfer (automatic),True,34.0,False,False,Month-to-month,25,False,True
True,True,Fiber optic,Mailed check,True,92.5,False,True,Month-to-month,10,False,True
True,False,Fiber optic,Electronic check,False,88.35,True,False,Month-to-month,13,True,True
True,False,Fiber optic,Bank transfer (automatic),True,107.95,True,True,Two year,49,True,True
False,True,Fiber optic,Mailed check,True,74.45,False,False,Month-to-month,1,False,True
False,False,DSL,Electronic check,True,64.75,True,False,Month-to-month,37,False,True
False,False,Fiber optic,Electronic check,False,89.8,False,True,Month-to-month,26,False,True
False,False,Fiber optic,Mailed check,False,95.5,True,True,One year,12,False,True
False,True,DSL,Electronic check,True,29.65,False,False,Month-to-month,10,False,True
True,False,Fiber optic,Electronic check,True,84.5,False,True,Month-to-month,5,True,True
False,False,Fiber optic,Credit card (automatic),True,90.7,True,True,Month-to-month,18,False,True
False,True,Fiber optic,Electronic check,True,70.3,False,False,Month-to-month,3,False,True
False,False,Fiber optic,Bank transfer (automatic),True,103.95,True,True,One year,54,False,True
False,False,Fiber optic,Electronic check,True,74.75,False,False,Month-to-month,10,False,True
False,False,DSL,Electronic check,True,50.8,False,False,Month-to-month,1,False,True
False,False,Fiber optic,Electronic check,True,80.25,False,False,Month-to-month,2,False,True
True,False,Fiber optic,Electronic check,True,78.9,False,True,Month-to-month,32,False,True
False,False,Fiber optic,Electronic check,True,84.75,True,False,Month-to-month,36,False,True
False,False,Fiber optic,Bank transfer (automatic),False,85.45,False,False,Month-to-month,53,False,True
True,False,No,Mailed check,False,19.9,False,False,Month-to-month,1,True,True
False,True,Fiber optic,Electronic check,True,99.45,True,True,Month-to-month,12,False,True
False,False,Fiber optic,Electronic check,True,70.6,False,False,Month-to-month,1,False,True
False,False,Fiber optic,Credit card (automatic),True,81.0,False,False,Month-to-month,5,False,True
False,False,Fiber optic,Electronic check,True,84.85,False,False,Month-to-month,6,False,True
False,True,Fiber optic,Electronic check,True,89.15,False,False,Month-to-month,26,False,True
False,False,Fiber optic,Credit card (automatic),True,105.65,True,False,One year,64,False,True
False,False,Fiber optic,Electronic check,True,80.85,True,False,Month-to-month,13,False,True
True,False,Fiber optic,Electronic check,False,89.45,True,False,Month-to-month,9,False,True
False,False,DSL,Credit card (automatic),True,72.15,True,False,Month-to-month,10,False,True
False,False,DSL,Electronic check,False,76.4,True,True,Month-to-month,2,False,True
False,True,DSL,Mailed check,True,61.6,True,False,Month-to-month,20,False,True
True,False,Fiber optic,Electronic check,True,79.9,False,True,Month-to-month,9,False,True
False,True,Fiber optic,Credit card (automatic),True,96.15,True,False,Month-to-month,32,False,True
True,False,DSL,Credit card (automatic),False,65.3,False,True,Two year,70,False,True
False,False,Fiber optic,Mailed check,True,84.65,False,False,Month-to-month,1,False,True
True,True,Fiber optic,Electronic check,True,69.55,False,False,Month-to-month,1,False,True
False,False,DSL,Electronic check,True,31.05,False,False,Month-to-month,13,False,True
False,False,DSL,Mailed check,True,51.0,False,False,Month-to-month,7,False,True
True,False,DSL,Bank transfer (automatic),True,44.35,False,False,Month-to-month,1,True,True
False,False,Fiber optic,Electronic check,True,79.7,False,False,Month-to-month,7,False,True
False,False,DSL,Credit card (automatic),True,55.0,False,False,Month-to-month,54,True,True
False,True,Fiber optic,Mailed check,True,84.85,False,True,Month-to-month,5,False,True
False,True,Fiber optic,Electronic check,True,73.65,False,False,Month-to-month,1,False,True
True,False,DSL,Mailed check,True,73.9,True,True,One year,33,True,True
True,False,Fiber optic,Electronic check,True,77.75,False,True,Month-to-month,55,False,True
True,True,Fiber optic,Electronic check,True,84.35,True,False,Month-to-month,6,False,True
False,False,Fiber optic,Electronic check,False,84.95,False,False,Month-to-month,8,False,True
False,False,Fiber optic,Electronic check,True,73.85,False,False,Month-to-month,11,False,True
True,False,DSL,Bank transfer (automatic),True,51.8,True,False,One year,49,True,True
True,True,DSL,Electronic check,False,46.0,False,False,Month-to-month,1,False,True
False,True,Fiber optic,Electronic check,True,79.4,True,False,Month-to-month,15,False,True
True,True,Fiber optic,Bank transfer (automatic),True,71.8,False,False,Month-to-month,16,False,True
True,True,Fiber optic,Mailed check,False,88.4,True,False,One year,44,False,True
False,False,DSL,Mailed check,False,46.0,False,False,Month-to-month,5,True,True
False,False,DSL,Credit card (automatic),False,51.75,False,False,Month-to-month,4,False,True
True,False,Fiber optic,Electronic check,True,94.4,False,False,Month-to-month,30,True,True
False,False,Fiber optic,Mailed check,True,70.15,False,False,Month-to-month,1,False,True
False,False,DSL,Credit card (automatic),True,34.7,False,False,Month-to-month,9,False,True
False,False,Fiber optic,Electronic check,True,81.1,True,False,Month-to-month,1,False,True
True,False,No,Mailed check,False,20.55,False,False,Month-to-month,1,True,True
False,False,Fiber optic,Electronic check,True,106.6,True,True,Two year,61,False,True
True,False,Fiber optic,Electronic check,True,106.75,False,True,Month-to-month,59,False,True
False,False,Fiber optic,Electronic check,True,89.45,True,False,Month-to-month,3,False,True
False,False,Fiber optic,Electronic check,True,97.9,True,False,Month-to-month,3,False,True
False,False,DSL,Mailed check,True,55.7,True,False,Month-to-month,1,False,True
False,False,Fiber optic,Electronic check,True,79.8,False,True,Month-to-month,13,False,True
True,False,DSL,Electronic check,True,39.05,False,True,Month-to-month,18,False,True
True,True,Fiber optic,Mailed check,True,83.9,False,False,Month-to-month,3,False,True
False,True,Fiber optic,Electronic check,True,69.85,False,False,Month-to-month,1,False,True
False,False,DSL,Mailed check,True,53.55,False,False,Month-to-month,1,False,True
True,False,Fiber optic,Bank transfer (automatic),False,93.9,False,True,Two year,70,True,True
True,False,Fiber optic,Electronic check,True,113.15,True,True,Two year,68,True,True
True,True,Fiber optic,Electronic check,False,84.95,True,False,Month-to-month,26,False,True
True,False,Fiber optic,Bank transfer (automatic),True,80.5,False,False,Month-to-month,11,False,True
False,False,No,Mailed check,True,19.3,False,False,Month-to-month,1,False,True
False,False,DSL,Mailed check,True,49.65,False,True,Month-to-month,1,False,True
False,False,DSL,Credit card (automatic),False,54.35,False,True,Two year,46,False,True
False,False,Fiber optic,Electronic check,True,88.45,True,False,Month-to-month,4,False,True
False,True,Fiber optic,Bank transfer (automatic),True,90.5,False,False,Month-to-month,22,False,True
True,False,Fiber optic,Mailed check,True,94.85,False,True,Month-to-month,9,False,True
True,False,Fiber optic,Bank transfer (automatic),True,69.95,False,False,Month-to-month,7,True,True
False,False,DSL,Credit card (automatic),True,48.6,False,False,Month-to-month,1,False,True
False,True,DSL,Electronic check,True,55.8,True,False,Month-to-month,40,False,True
True,False,Fiber optic,Bank transfer (automatic),True,80.15,False,False,Month-to-month,29,False,True
False,False,Fiber optic,Electronic check,True,75.5,False,False,Month-to-month,3,False,True
True,False,Fiber optic,Credit card (automatic),True,74.75,False,False,Month-to-month,3,False,True
False,False,Fiber optic,Mailed check,True,104.05,True,True,Month-to-month,23,False,True
False,False,Fiber optic,Electronic check,True,96.65,False,False,Month-to-month,13,False,True
False,True,No,Mailed check,False,20.05,False,False,Month-to-month,1,False,True
False,False,Fiber optic,Electronic check,True,103.45,True,True,Month-to-month,39,False,True
True,False,No,Electronic check,True,19.9,False,False,Month-to-month,1,True,True
True,False,DSL,Electronic check,False,46.35,True,False,Month-to-month,14,False,True
False,False,No,Electronic check,False,19.95,False,False,Month-to-month,1,False,True
False,False,Fiber optic,Electronic check,False,79.6,True,False,Month-to-month,1,False,True
False,False,Fiber optic,Electronic check,True,75.9,False,False,Month-to-month,1,False,True
True,False,Fiber optic,Electronic check,False,76.2,False,True,Month-to-month,1,False,True
False,False,No,Mailed check,False,19.25,False,False,Month-to-month,1,True,True
True,False,Fiber optic,Electronic check,True,84.3,False,True,Month-to-month,42,False,True
False,False,Fiber optic,Electronic check,True,79.0,False,False,Month-to-month,7,False,True
False,False,Fiber optic,Electronic check,True,70.25,False,False,Month-to-month,1,False,True
False,True,Fiber optic,Credit card (automatic),True,84.6,True,True,Month-to-month,10,False,True
True,False,No,Mailed check,False,24.1,False,False,Month-to-month,17,True,True
False,False,DSL,Electronic check,True,60.0,False,False,Month-to-month,1,True,True
False,False,Fiber optic,Electronic check,True,86.55,True,False,Month-to-month,8,False,True
True,True,No,Mailed check,True,20.85,False,False,Month-to-month,1,False,True
False,False,DSL,Electronic check,True,50.75,True,True,Month-to-month,39,False,True
True,True,Fiber optic,Credit card (automatic),True,105.5,True,False,One year,58,False,True
False,True,Fiber optic,Bank transfer (automatic),True,85.15,False,False,Month-to-month,6,False,True
True,False,DSL,Electronic check,True,54.2,False,False,Month-to-month,22,False,True
True,False,Fiber optic,Electronic check,True,109.5,True,True,One year,70,False,True
True,False,Fiber optic,Electronic check,False,104.4,True,True,Month-to-month,21,True,True
True,True,Fiber optic,Credit card (automatic),True,105.1,True,False,Month-to-month,71,True,True
False,False,Fiber optic,Electronic check,True,75.7,False,False,Month-to-month,1,False,True
True,True,Fiber optic,Electronic check,False,90.8,False,True,Month-to-month,20,False,True
True,False,Fiber optic,Electronic check,True,97.95,True,False,Month-to-month,4,True,True
False,False,Fiber optic,Credit card (automatic),True,108.15,True,False,Month-to-month,32,False,True
False,False,Fiber optic,Credit card (automatic),True,80.5,False,False,Month-to-month,6,False,True
True,True,Fiber optic,Bank transfer (automatic),True,104.3,True,False,Month-to-month,27,False,True
False,False,Fiber optic,Mailed check,True,71.35,False,False,Month-to-month,1,False,True
False,False,Fiber optic,Electronic check,False,89.4,False,True,Month-to-month,13,False,True
False,False,No,Mailed check,False,20.6,False,False,Month-to-month,1,False,True
False,False,Fiber optic,Electronic check,True,99.95,True,False,Month-to-month,19,False,True
False,False,Fiber optic,Credit card (automatic),True,81.0,False,False,Month-to-month,10,False,True
True,True,Fiber optic,Electronic check,True,70.15,False,False,Month-to-month,13,False,True
True,True,Fiber optic,Credit card (automatic),True,96.55,True,False,One year,68,False,True
False,False,Fiber optic,Electronic check,True,95.55,False,True,One year,39,False,True
False,True,Fiber optic,Electronic check,True,89.3,True,False,Month-to-month,1,False,True
False,False,Fiber optic,Electronic check,True,87.55,True,True,Month-to-month,36,False,True
False,True,Fiber optic,Mailed check,True,96.3,True,True,Month-to-month,15,False,True
False,False,Fiber optic,Electronic check,True,85.2,False,False,Month-to-month,5,False,True
False,False,DSL,Electronic check,True,35.1,True,False,Month-to-month,13,False,True
True,False,Fiber optic,Electronic check,True,81.3,False,False,Month-to-month,5,False,True
False,False,No,Electronic check,True,19.6,False,False,Month-to-month,2,True,True
True,False,Fiber optic,Electronic check,True,85.45,True,False,Month-to-month,17,True,True
True,False,Fiber optic,Electronic check,True,71.0,False,False,Month-to-month,1,True,True
False,True,Fiber optic,Electronic check,True,85.05,True,False,Month-to-month,9,False,True
False,False,DSL,Electronic check,True,44.4,False,False,Month-to-month,1,True,True
True,True,Fiber optic,Electronic check,True,70.3,False,False,Month-to-month,1,False,True
True,False,Fiber optic,Bank transfer (automatic),True,79.35,False,False,Month-to-month,1,False,True
False,False,Fiber optic,Bank transfer (automatic),True,90.8,True,False,Month-to-month,9,False,True
True,False,Fiber optic,Electronic check,True,70.45,False,False,Month-to-month,20,True,True
False,True,DSL,Electronic check,True,45.25,True,False,One year,70,False,True
False,False,Fiber optic,Electronic check,True,75.8,False,False,Month-to-month,3,False,True
False,True,Fiber optic,Credit card (automatic),False,71.3,False,False,Month-to-month,20,False,True
True,True,Fiber optic,Electronic check,True,69.1,False,False,Month-to-month,21,False,True
True,False,Fiber optic,Electronic check,False,88.25,False,True,Month-to-month,17,True,True
False,False,Fiber optic,Bank transfer (automatic),False,70.0,False,False,Month-to-month,2,False,True
False,False,Fiber optic,Electronic check,True,97.35,True,False,Month-to-month,21,False,True
True,False,No,Bank transfer (automatic),True,25.9,False,False,Month-to-month,5,True,True
False,False,DSL,Bank transfer (automatic),True,55.65,False,False,Month-to-month,24,False,True
False,False,Fiber optic,Electronic check,True,69.65,False,False,Month-to-month,1,True,True
False,False,Fiber optic,Electronic check,True,100.6,True,True,Month-to-month,10,False,True
False,True,Fiber optic,Electronic check,True,86.0,True,False,Month-to-month,1,False,True
False,False,Fiber optic,Credit card (automatic),True,106.95,True,True,One year,53,False,True
False,False,DSL,Electronic check,True,29.6,False,False,Month-to-month,3,False,True
True,True,DSL,Bank transfer (automatic),True,59.9,True,True,One year,46,False,True
True,False,Fiber optic,Electronic check,True,95.6,True,False,Month-to-month,49,True,True
False,False,DSL,Electronic check,True,41.6,False,True,One year,11,False,True
False,False,Fiber optic,Credit card (automatic),True,100.85,True,False,Month-to-month,45,False,True
True,False,DSL,Bank transfer (automatic),False,40.2,False,True,Month-to-month,37,True,True
True,False,Fiber optic,Electronic check,False,84.5,False,False,Month-to-month,49,True,True
False,True,Fiber optic,Electronic check,True,78.95,False,False,Month-to-month,14,False,True
False,False,No,Mailed check,False,20.2,False,False,Month-to-month,1,False,True
False,True,Fiber optic,Bank transfer (automatic),True,85.2,False,True,Month-to-month,47,False,True
True,True,Fiber optic,Electronic check,True,98.0,True,True,Month-to-month,13,False,True
True,False,Fiber optic,Electronic check,True,94.45,True,True,Month-to-month,5,False,True
False,True,Fiber optic,Electronic check,True,105.0,True,True,Month-to-month,3,False,True
True,True,Fiber optic,Electronic check,True,93.85,True,True,Month-to-month,26,False,True
True,True,Fiber optic,Electronic check,True,84.0,True,False,Month-to-month,8,False,True
True,False,DSL,Electronic check,True,48.75,True,True,Month-to-month,9,False,True
False,False,Fiber optic,Electronic check,True,84.85,False,True,Month-to-month,1,False,True
False,False,DSL,Mailed check,False,56.65,False,False,Month-to-month,12,False,True
False,False,DSL,Credit card (automatic),False,73.9,True,True,One year,42,False,True
True,False,No,Mailed check,True,24.5,False,False,Two year,33,True,True
False,False,Fiber optic,Electronic check,True,89.9,True,True,Month-to-month,31,False,True
True,True,Fiber optic,Electronic check,False,78.55,True,False,Month-to-month,18,False,True
True,False,Fiber optic,Electronic check,True,99.45,True,True,Month-to-month,42,False,True
False,False,DSL,Mailed check,False,74.05,True,False,One year,12,False,True
False,True,DSL,Credit card (automatic),False,55.0,False,False,Month-to-month,15,False,True
True,False,Fiber optic,Electronic check,True,89.75,False,False,Month-to-month,7,True,True
True,False,Fiber optic,Electronic check,True,85.15,True,False,Month-to-month,14,False,True
True,True,Fiber optic,Electronic check,True,94.6,True,False,Month-to-month,3,False,True
False,False,Fiber optic,Electronic check,True,94.25,True,False,Month-to-month,16,False,True
True,False,DSL,Credit card (automatic),False,72.45,True,True,One year,65,True,True
False,False,Fiber optic,Electronic check,True,105.2,True,True,Month-to-month,42,False,True
True,False,Fiber optic,Electronic check,True,82.85,False,False,Month-to-month,6,False,True
True,True,Fiber optic,Electronic check,True,103.85,True,True,Month-to-month,53,False,True
True,False,Fiber optic,Electronic check,True,83.6,True,False,Month-to-month,5,True,True
False,False,Fiber optic,Electronic check,False,108.45,True,True,One year,68,False,True
True,False,Fiber optic,Credit card (automatic),True,91.5,True,False,Month-to-month,3,False,True
True,False,Fiber optic,Bank transfer (automatic),False,80.85,False,False,Month-to-month,12,False,True
False,False,DSL,Bank transfer (automatic),True,49.05,True,True,Month-to-month,43,False,True
True,True,Fiber optic,Electronic check,True,105.3,True,True,Month-to-month,68,False,True
False,True,Fiber optic,Electronic check,True,88.95,False,False,Month-to-month,25,False,True
True,True,Fiber optic,Electronic check,True,110.85,True,True,One year,66,False,True
True,False,Fiber optic,Bank transfer (automatic),True,114.2,True,True,Two year,70,True,True
True,True,DSL,Bank transfer (automatic),False,36.5,True,False,Month-to-month,27,False,True
False,False,Fiber optic,Mailed check,False,70.75,False,False,Month-to-month,1,False,True
False,False,DSL,Mailed check,True,40.15,False,True,Month-to-month,3,False,True
True,True,Fiber optic,Electronic check,True,94.45,True,False,Month-to-month,29,False,True
True,False,Fiber optic,Bank transfer (automatic),True,97.35,False,True,Month-to-month,36,True,True
False,False,DSL,Mailed check,True,45.3,True,False,Month-to-month,1,False,True
False,False,Fiber optic,Electronic check,False,94.95,True,True,Month-to-month,2,False,True
False,False,DSL,Electronic check,True,44.55,False,False,Month-to-month,12,True,True
False,False,DSL,Mailed check,False,29.7,False,False,Month-to-month,1,False,True
True,False,Fiber optic,Electronic check,False,101.1,True,False,Month-to-month,59,False,True
False,False,DSL,Mailed check,True,50.65,False,False,Month-to-month,3,False,True
False,False,DSL,Electronic check,True,55.4,True,False,Month-to-month,1,False,True
True,True,Fiber optic,Electronic check,True,90.6,False,False,Month-to-month,1,False,True
True,True,Fiber optic,Mailed check,True,86.85,False,False,Month-to-month,2,False,True
True,True,Fiber optic,Bank transfer (automatic),True,99.05,True,True,Month-to-month,29,False,True
False,False,Fiber optic,Credit card (automatic),True,111.25,True,False,One year,52,False,True
False,False,DSL,Mailed check,True,55.1,False,True,Month-to-month,2,False,True
True,False,Fiber optic,Credit card (automatic),True,102.25,True,True,Month-to-month,13,False,True
False,True,Fiber optic,Credit card (automatic),True,95.9,True,True,Month-to-month,19,False,True
False,True,Fiber optic,Electronic check,True,95.05,False,False,Month-to-month,47,False,True
False,False,DSL,Credit card (automatic),False,53.85,False,False,Month-to-month,5,False,True
True,True,Fiber optic,Electronic check,True,104.2,True,True,Month-to-month,52,False,True
True,False,DSL,Electronic check,True,50.25,False,False,Month-to-month,42,False,True
False,False,Fiber optic,Electronic check,True,99.5,True,True,Month-to-month,25,False,True
False,False,Fiber optic,Electronic check,False,71.0,False,False,Month-to-month,9,False,True
False,False,Fiber optic,Credit card (automatic),True,93.2,True,True,Month-to-month,16,False,True
True,False,No,Mailed check,False,19.35,False,False,Month-to-month,5,False,True
True,False,Fiber optic,Electronic check,True,104.2,True,True,Month-to-month,31,True,True
False,False,Fiber optic,Electronic check,True,79.25,True,False,Month-to-month,1,False,True
False,False,DSL,Bank transfer (automatic),True,44.9,False,False,Month-to-month,1,False,True
True,False,Fiber optic,Electronic check,True,70.1,False,False,Month-to-month,10,False,True
False,False,DSL,Electronic check,True,29.65,False,True,Month-to-month,4,False,True
False,False,Fiber optic,Electronic check,True,77.85,False,False,Month-to-month,43,False,True
False,False,DSL,Electronic check,False,54.3,True,False,Month-to-month,4,False,True
False,True,Fiber optic,Bank transfer (automatic),True,95.15,True,False,Month-to-month,11,False,True
True,False,Fiber optic,Credit card (automatic),True,110.85,True,True,One year,47,False,True
False,False,Fiber optic,Electronic check,False,80.5,True,False,Month-to-month,1,False,True
False,False,Fiber optic,Bank transfer (automatic),True,72.2,False,False,Month-to-month,4,False,True
False,False,DSL,Mailed check,False,51.5,False,False,Month-to-month,17,False,True
False,True,Fiber optic,Mailed check,True,89.55,True,False,Month-to-month,43,False,True
True,False,DSL,Mailed check,False,77.5,False,False,One year,21,True,True
True,False,Fiber optic,Bank transfer (automatic),True,95.25,False,True,Month-to-month,42,False,True
False,True,Fiber optic,Electronic check,False,85.0,True,False,Month-to-month,46,False,True
True,False,Fiber optic,Electronic check,True,85.75,False,False,Month-to-month,5,True,True
False,True,Fiber optic,Electronic check,True,98.25,True,False,Month-to-month,6,False,True
True,False,Fiber optic,Electronic check,True,69.0,False,False,Month-to-month,7,True,True
False,False,DSL,Bank transfer (automatic),False,46.05,False,False,Month-to-month,2,False,True
True,True,Fiber optic,Mailed check,True,76.4,False,False,Month-to-month,1,False,True
False,False,Fiber optic,Electronic check,True,100.5,True,True,Month-to-month,5,False,True
True,True,DSL,Mailed check,False,40.05,True,False,Month-to-month,22,True,True
False,False,Fiber optic,Electronic check,False,69.95,False,False,Month-to-month,1,False,True
False,False,Fiber optic,Electronic check,True,93.3,True,False,Month-to-month,1,True,True
False,False,DSL,Electronic check,True,49.15,False,True,Month-to-month,3,False,True
False,False,DSL,Mailed check,False,35.05,True,False,Month-to-month,1,False,True
False,True,Fiber optic,Electronic check,True,73.0,False,False,Month-to-month,1,False,True
False,True,Fiber optic,Credit card (automatic),True,83.85,False,True,Month-to-month,33,False,True
False,True,Fiber optic,Electronic check,True,70.65,False,False,Month-to-month,2,False,True
False,False,No,Mailed check,False,20.35,False,False,Month-to-month,2,False,True
False,False,Fiber optic,Credit card (automatic),True,99.0,True,True,Month-to-month,3,False,True
False,False,Fiber optic,Electronic check,True,83.95,True,False,Month-to-month,26,False,True
False,False,Fiber optic,Credit card (automatic),False,116.2,True,True,Two year,67,False,True
True,False,Fiber optic,Bank transfer (automatic),True,93.7,True,False,Two year,71,False,True
False,False,No,Mailed check,False,19.7,False,False,Month-to-month,1,False,True
False,False,Fiber optic,Electronic check,False,75.55,False,False,Month-to-month,5,False,True
False,False,Fiber optic,Bank transfer (automatic),True,77.65,False,False,Month-to-month,9,False,True
False,True,Fiber optic,Electronic check,True,95.0,True,False,Month-to-month,26,False,True
False,False,Fiber optic,Credit card (automatic),True,105.4,True,False,One year,54,False,True
False,False,Fiber optic,Electronic check,True,95.85,True,True,Month-to-month,2,False,True
False,False,Fiber optic,Electronic check,True,79.15,False,False,Month-to-month,1,False,True
True,False,No,Bank transfer (automatic),False,19.65,False,False,Month-to-month,30,False,True
False,False,Fiber optic,Electronic check,True,79.0,False,False,Month-to-month,4,False,True
True,False,Fiber optic,Electronic check,False,91.85,False,False,Month-to-month,17,True,True
False,True,Fiber optic,Electronic check,True,106.0,True,True,One year,60,False,True
False,False,DSL,Mailed check,True,49.9,False,False,Month-to-month,1,True,True
False,False,Fiber optic,Electronic check,True,100.35,True,False,Month-to-month,13,False,True
True,True,Fiber optic,Bank transfer (automatic),True,74.95,False,False,Month-to-month,38,False,True
True,True,DSL,Credit card (automatic),True,49.25,False,False,Month-to-month,1,True,True
True,False,Fiber optic,Electronic check,False,103.7,True,False,Month-to-month,50,True,True
True,False,Fiber optic,Electronic check,False,89.75,False,True,One year,65,False,True
False,False,No,Mailed check,True,20.3,False,False,Month-to-month,1,False,True
True,True,Fiber optic,Electronic check,True,101.95,True,True,Month-to-month,7,False,True
False,True,Fiber optic,Electronic check,True,94.0,True,False,Month-to-month,2,False,True
False,False,Fiber optic,Credit card (automatic),True,89.3,False,False,Month-to-month,45,False,True
False,False,Fiber optic,Credit card (automatic),True,74.3,False,False,Month-to-month,1,False,True
False,False,DSL,Mailed check,True,44.65,True,False,Month-to-month,1,False,True
True,False,Fiber optic,Electronic check,False,84.05,True,False,Month-to-month,13,True,True
False,False,Fiber optic,Bank transfer (automatic),True,80.7,False,False,Month-to-month,10,False,True
False,False,Fiber optic,Electronic check,True,101.7,True,False,Month-to-month,4,True,True
False,False,No,Mailed check,False,20.4,False,False,Month-to-month,1,False,True
True,False,Fiber optic,Electronic check,True,102.6,True,True,One year,41,True,True
True,False,Fiber optic,Bank transfer (automatic),True,106.0,True,True,Two year,71,True,True
False,False,DSL,Mailed check,True,55.1,False,False,Month-to-month,3,True,True
False,False,Fiber optic,Bank transfer (automatic),True,106.5,True,True,Two year,69,False,True
True,False,Fiber optic,Bank transfer (automatic),True,91.05,True,True,Month-to-month,32,True,True
True,True,Fiber optic,Electronic check,True,77.5,False,False,Month-to-month,51,False,True
True,False,DSL,Electronic check,True,54.2,True,True,Two year,72,False,True
False,False,Fiber optic,Mailed check,True,69.25,False,False,Month-to-month,6,False,True
False,False,DSL,Electronic check,True,50.5,False,True,Month-to-month,1,False,True
False,True,Fiber optic,Electronic check,True,74.4,False,False,Month-to-month,1,False,True
False,False,DSL,Mailed check,True,79.45,True,False,One year,31,True,True
False,False,Fiber optic,Electronic check,True,104.65,True,True,One year,58,False,True
True,True,Fiber optic,Electronic check,True,100.05,True,True,Month-to-month,47,False,True
False,False,Fiber optic,Electronic check,False,100.55,True,False,Month-to-month,44,False,True
False,False,Fiber optic,Electronic check,False,95.65,True,False,Month-to-month,2,False,True
False,False,Fiber optic,Electronic check,False,94.4,True,True,Month-to-month,1,False,True
False,False,DSL,Credit card (automatic),True,55.0,False,False,Month-to-month,1,False,True
False,False,Fiber optic,Electronic check,True,101.45,True,True,Month-to-month,1,False,True
True,False,DSL,Bank transfer (automatic),False,67.95,False,True,Month-to-month,5,False,True
False,False,Fiber optic,Electronic check,True,69.5,False,False,Month-to-month,1,False,True
False,False,No,Mailed check,True,18.85,False,False,Month-to-month,1,False,True
False,False,Fiber optic,Electronic check,True,69.2,False,False,Month-to-month,1,False,True
False,False,Fiber optic,Electronic check,True,69.65,False,False,Month-to-month,1,False,True
True,True,Fiber optic,Electronic check,False,101.85,True,False,Month-to-month,40,False,True
False,False,Fiber optic,Electronic check,True,82.3,False,True,Month-to-month,1,False,True
False,False,Fiber optic,Electronic check,False,79.25,False,False,Month-to-month,3,False,True
False,False,Fiber optic,Electronic check,True,84.6,True,False,Month-to-month,13,False,True
True,False,Fiber optic,Bank transfer (automatic),True,93.4,True,False,Month-to-month,58,True,True
True,False,Fiber optic,Electronic check,True,94.2,True,False,Month-to-month,42,True,True
False,False,DSL,Electronic check,False,48.95,False,True,Month-to-month,1,True,True
False,False,Fiber optic,Electronic check,True,85.85,True,True,Month-to-month,2,False,True
False,False,Fiber optic,Electronic check,False,95.2,True,False,Month-to-month,10,True,True
False,False,Fiber optic,Bank transfer (automatic),True,100.6,True,False,One year,49,True,True
True,False,DSL,Mailed check,True,55.3,False,True,Month-to-month,6,True,True
False,True,Fiber optic,Mailed check,True,74.85,False,False,Month-to-month,2,False,True
False,False,Fiber optic,Bank transfer (automatic),True,102.35,True,True,One year,35,False,True
True,False,Fiber optic,Credit card (automatic),False,115.65,True,True,One year,70,False,True
False,False,Fiber optic,Electronic check,True,79.85,False,True,Month-to-month,2,False,True
False,False,Fiber optic,Mailed check,True,76.0,False,False,Month-to-month,15,False,True
False,True,Fiber optic,Bank transfer (automatic),True,104.75,True,True,Month-to-month,42,False,True
False,False,DSL,Electronic check,True,74.65,True,False,Month-to-month,9,False,True
False,False,DSL,Electronic check,True,56.25,True,False,Month-to-month,1,False,True
True,False,Fiber optic,Electronic check,True,106.1,True,True,Month-to-month,21,False,True
False,True,Fiber optic,Bank transfer (automatic),True,79.75,True,False,Month-to-month,2,False,True
False,False,Fiber optic,Electronic check,False,68.65,False,False,Month-to-month,1,False,True
False,False,No,Bank transfer (automatic),False,20.25,False,False,Month-to-month,16,False,True
True,True,Fiber optic,Electronic check,True,100.2,True,False,Month-to-month,14,False,True
True,False,Fiber optic,Bank transfer (automatic),True,74.9,False,False,Month-to-month,15,True,True
False,False,Fiber optic,Electronic check,True,70.85,False,False,Month-to-month,1,False,True
False,False,Fiber optic,Credit card (automatic),True,69.8,False,False,Month-to-month,2,False,True
True,False,DSL,Bank transfer (automatic),True,54.55,True,True,Month-to-month,55,False,True
False,False,DSL,Credit card (automatic),True,70.75,True,False,Month-to-month,7,False,True
True,False,Fiber optic,Electronic check,False,94.1,False,True,Month-to-month,13,False,True
True,False,DSL,Credit card (automatic),False,29.7,False,False,Month-to-month,3,True,True
False,True,Fiber optic,Credit card (automatic),False,110.9,True,True,One year,66,False,True
True,False,Fiber optic,Electronic check,True,105.0,True,True,Month-to-month,38,False,True
False,False,DSL,Credit card (automatic),True,55.15,False,False,One year,22,False,True
True,False,Fiber optic,Mailed check,True,69.9,False,False,Month-to-month,1,True,True
False,False,Fiber optic,Electronic check,True,101.4,True,False,Month-to-month,43,False,True
False,False,Fiber optic,Electronic check,True,80.8,True,False,Month-to-month,1,False,True
False,False,DSL,Bank transfer (automatic),False,62.05,True,False,Month-to-month,2,False,True
False,True,Fiber optic,Electronic check,True,76.45,False,False,Month-to-month,1,False,True
False,True,Fiber optic,Electronic check,True,91.3,False,False,Month-to-month,12,False,True
True,True,Fiber optic,Electronic check,True,95.75,True,True,Month-to-month,6,False,True
True,False,DSL,Electronic check,False,62.65,False,False,Month-to-month,34,False,True
False,False,Fiber optic,Electronic check,True,74.5,False,False,Month-to-month,1,False,True
True,False,Fiber optic,Credit card (automatic),True,102.1,True,True,Month-to-month,10,True,True
False,False,DSL,Electronic check,True,50.15,False,False,Month-to-month,16,False,True
True,False,Fiber optic,Electronic check,True,86.5,False,False,Month-to-month,7,False,True
False,True,Fiber optic,Electronic check,True,81.45,False,False,Month-to-month,27,False,True
True,False,Fiber optic,Electronic check,True,69.15,False,False,Month-to-month,1,False,True
False,False,Fiber optic,Electronic check,True,79.55,True,False,Month-to-month,9,False,True
False,False,Fiber optic,Mailed check,True,95.5,False,True,Two year,48,True,True
False,True,Fiber optic,Electronic check,False,91.05,False,True,Month-to-month,3,False,True
True,True,Fiber optic,Electronic check,False,79.2,False,True,Month-to-month,2,False,True
False,False,DSL,Electronic check,True,45.25,True,False,Month-to-month,2,False,True
False,True,Fiber optic,Electronic check,True,74.3,False,False,Month-to-month,14,False,True
True,False,Fiber optic,Credit card (automatic),True,74.1,False,False,Month-to-month,3,False,True
True,True,Fiber optic,Electronic check,False,100.6,True,True,Month-to-month,57,False,True
False,False,Fiber optic,Mailed check,False,75.0,False,False,Month-to-month,3,False,True
False,True,DSL,Credit card (automatic),True,70.2,False,False,Two year,64,False,True
False,True,Fiber optic,Electronic check,False,70.75,False,False,Month-to-month,2,False,True
False,False,DSL,Bank transfer (automatic),False,50.25,False,False,Month-to-month,12,False,True
False,True,Fiber optic,Credit card (automatic),True,79.2,False,False,Month-to-month,40,False,True
False,False,Fiber optic,Electronic check,True,96.0,True,True,Month-to-month,12,False,True
False,False,Fiber optic,Electronic check,True,100.1,True,False,Month-to-month,54,False,True
True,False,DSL,Mailed check,False,56.5,False,False,Month-to-month,4,True,True
False,True,Fiber optic,Electronic check,True,85.0,True,True,Month-to-month,1,False,True
True,False,DSL,Electronic check,False,59.3,True,True,One year,51,True,True
False,False,DSL,Electronic check,True,49.4,False,False,Month-to-month,4,True,True
False,False,DSL,Mailed check,False,55.0,False,False,Month-to-month,35,False,True
False,False,DSL,Mailed check,True,62.3,True,True,One year,38,False,True
True,True,Fiber optic,Electronic check,True,92.5,True,False,Month-to-month,37,False,True
False,False,Fiber optic,Electronic check,False,69.65,False,False,Month-to-month,3,True,True
False,False,Fiber optic,Credit card (automatic),True,111.6,True,True,Two year,61,False,True
False,False,DSL,Credit card (automatic),False,48.55,False,False,Month-to-month,11,False,True
False,False,DSL,Electronic check,True,39.65,False,True,Month-to-month,19,False,True
False,False,No,Electronic check,False,24.9,False,False,One year,56,False,True
True,False,DSL,Mailed check,False,56.7,False,False,Month-to-month,2,True,True
True,False,Fiber optic,Mailed check,False,105.95,True,False,One year,14,False,True
True,True,Fiber optic,Electronic check,False,74.95,False,False,Month-to-month,4,False,True
False,False,DSL,Electronic check,True,29.7,False,False,Month-to-month,15,False,True
True,False,DSL,Electronic check,True,50.35,True,True,Month-to-month,1,False,True
True,False,DSL,Electronic check,False,47.85,True,True,Two year,64,False,True
False,True,Fiber optic,Electronic check,True,98.8,True,False,Month-to-month,55,False,True
False,False,Fiber optic,Bank transfer (automatic),True,99.85,True,False,Month-to-month,18,False,True
True,True,Fiber optic,Credit card (automatic),True,80.3,True,False,Month-to-month,32,False,True
False,True,Fiber optic,Credit card (automatic),True,80.45,False,False,Month-to-month,66,False,True
False,False,Fiber optic,Electronic check,True,86.8,True,False,Month-to-month,7,False,True
True,True,Fiber optic,Electronic check,True,84.2,True,False,Month-to-month,6,False,True
False,False,Fiber optic,Mailed check,True,99.0,True,False,Month-to-month,13,False,True
False,False,Fiber optic,Electronic check,True,100.75,True,True,Month-to-month,11,False,True
True,False,Fiber optic,Bank transfer (automatic),False,91.75,False,True,Month-to-month,9,False,True
False,False,Fiber optic,Mailed check,True,79.55,False,True,Month-to-month,1,False,True
False,False,Fiber optic,Electronic check,False,111.1,True,True,Month-to-month,54,False,True
True,False,Fiber optic,Electronic check,True,89.1,True,True,Month-to-month,25,True,True
False,False,Fiber optic,Bank transfer (automatic),True,101.9,True,True,Month-to-month,37,False,True
True,False,Fiber optic,Electronic check,True,91.65,False,False,Month-to-month,14,True,True
False,True,Fiber optic,Electronic check,True,88.85,True,True,Month-to-month,4,False,True
False,False,Fiber optic,Electronic check,True,95.45,True,False,Month-to-month,1,False,True
False,False,Fiber optic,Electronic check,True,91.1,True,False,Month-to-month,13,False,True
True,False,DSL,Credit card (automatic),True,54.15,False,False,One year,45,True,True
False,False,Fiber optic,Bank transfer (automatic),False,69.7,False,False,Month-to-month,1,False,True
False,False,Fiber optic,Electronic check,True,89.5,True,False,Month-to-month,6,False,True
True,False,DSL,Electronic check,True,35.15,True,False,Month-to-month,3,False,True
False,False,Fiber optic,Credit card (automatic),True,73.75,False,False,Month-to-month,12,True,True
False,True,Fiber optic,Electronic check,False,101.35,True,True,Month-to-month,8,False,True
True,False,DSL,Credit card (automatic),False,55.9,False,False,Month-to-month,6,True,True
True,True,Fiber optic,Electronic check,True,105.9,True,True,Month-to-month,3,False,True
False,False,DSL,Mailed check,False,43.95,False,False,Month-to-month,1,False,True
False,False,DSL,Bank transfer (automatic),True,45.1,False,False,Month-to-month,1,False,True
False,False,Fiber optic,Bank transfer (automatic),False,70.25,False,False,Month-to-month,41,False,True
False,False,DSL,Electronic check,False,55.35,False,False,Month-to-month,9,True,True
True,True,Fiber optic,Electronic check,True,103.0,True,True,Month-to-month,43,False,True
True,False,Fiber optic,Electronic check,True,103.75,True,True,One year,33,False,True
False,False,Fiber optic,Electronic check,True,73.85,False,False,Month-to-month,56,False,True
True,False,Fiber optic,Credit card (automatic),True,75.15,False,False,Month-to-month,3,False,True
True,False,Fiber optic,Electronic check,True,80.15,False,False,Month-to-month,5,True,True
True,False,DSL,Bank transfer (automatic),False,30.5,False,False,Month-to-month,1,True,True
True,False,Fiber optic,Bank transfer (automatic),False,98.3,True,False,Two year,70,True,True
False,False,Fiber optic,Bank transfer (automatic),True,107.4,True,True,Month-to-month,48,False,True
False,True,Fiber optic,Electronic check,True,82.0,True,False,Month-to-month,13,False,True
True,False,Fiber optic,Credit card (automatic),True,75.4,False,False,Month-to-month,24,False,True
True,True,Fiber optic,Electronic check,True,101.25,True,True,Month-to-month,27,False,True
False,True,Fiber optic,Electronic check,True,89.5,False,False,Month-to-month,25,False,True
False,True,Fiber optic,Bank transfer (automatic),True,74.4,False,False,Month-to-month,22,False,True
False,False,Fiber optic,Electronic check,True,74.35,False,False,Month-to-month,4,False,True
True,True,Fiber optic,Bank transfer (automatic),False,99.75,True,False,Month-to-month,18,False,True
False,True,Fiber optic,Electronic check,True,111.95,True,True,One year,56,False,True
False,True,DSL,Mailed check,True,39.0,False,False,Month-to-month,16,False,True
True,False,Fiber optic,Credit card (automatic),True,94.1,False,False,Month-to-month,30,False,True
False,False,Fiber optic,Bank transfer (automatic),False,95.65,True,False,Month-to-month,8,False,True
True,True,Fiber optic,Electronic check,True,88.05,False,False,Month-to-month,50,False,True
True,False,DSL,Bank transfer (automatic),True,66.5,True,False,One year,41,True,True
False,False,DSL,Mailed check,True,35.45,False,False,Month-to-month,3,False,True
False,False,DSL,Mailed check,True,49.9,False,False,Month-to-month,3,False,True
False,False,Fiber optic,Credit card (automatic),True,104.5,True,True,Month-to-month,40,False,True
False,True,Fiber optic,Credit card (automatic),True,75.05,False,False,Month-to-month,3,False,True
False,False,Fiber optic,Electronic check,True,81.0,False,True,Month-to-month,23,False,True
True,True,Fiber optic,Electronic check,True,74.45,False,False,Month-to-month,1,False,True
False,False,DSL,Mailed check,True,60.4,False,False,Month-to-month,4,False,True
True,False,Fiber optic,Mailed check,True,70.65,False,False,Month-to-month,1,True,True
False,False,DSL,Electronic check,True,59.8,False,False,One year,12,False,True
False,False,DSL,Bank transfer (automatic),True,44.2,False,False,Month-to-month,9,False,True
False,True,Fiber optic,Electronic check,True,75.75,False,False,Month-to-month,1,False,True
False,False,Fiber optic,Credit card (automatic),True,102.95,False,True,Month-to-month,67,False,True
True,True,Fiber optic,Mailed check,True,74.4,False,False,Month-to-month,4,False,True
